label,relative_path,filename,frames,fps,duration_sec,error
again,again/01_again_startasl.mp4,01_again_startasl.mp4,82,29.97,2.73607,
again,again/02_again_aslsignbank_1.mp4,02_again_aslsignbank_1.mp4,56,23.976,2.33567,
again,again/04_again_signlanguagestudent.mp4,04_again_signlanguagestudent.mp4,105,29.97,3.5035,
again,again/05_again_aslsearch.mp4,05_again_aslsearch.mp4,75,29.97,2.5025,
again,again/06_again_signschool.mp4,06_again_signschool.mp4,42,23.976,1.75175,
again,again/07_again_aslstudy.mp4,07_again_aslstudy.mp4,52,29.97,1.73507,
again,again/08_again_scottspethman.mp4,08_again_scottspethman.mp4,104,29.97,3.47013,
again,again/09_again_linguisticsgirl.mp4,09_again_linguisticsgirl.mp4,118,30.0025,3.933,
again,again/10_again_smartsign.mp4,10_again_smartsign.mp4,106,29.97,3.53687,
again,again/11_again_aslbloom.mp4,11_again_aslbloom.mp4,78,30,2.6,
again,again/12.mp4,12.mp4,57,60,0.95,
again,again/13_repeat_aslstudy_2.mp4,13_repeat_aslstudy_2.mp4,34,15.2995,2.22229,
again,again/14_repeat_aslsearch.mp4,14_repeat_aslsearch.mp4,107,29.97,3.57024,
again,again/15_repeat_elementalasl.mp4,15_repeat_elementalasl.mp4,146,24,6.08333,
again,again/16.mp4,16.mp4,57,60,0.95,
again,again/17.mp4,17.mp4,50,60,0.833333,
again,again/18.mp4,18.mp4,102,60,1.7,
again,again/19.mp4,19.mp4,88,60,1.46667,
again,again/again-trim-1783485045497.mp4,again-trim-1783485045497.mp4,84,30.0074,2.79931,
again,again/again-trim-1783485069521.mp4,again-trim-1783485069521.mp4,82,30.0002,2.73331,
again,again/again-trim-1783485082010.mp4,again-trim-1783485082010.mp4,81,30.0076,2.69931,
again,again/again-trim-1783485099098.mp4,again-trim-1783485099098.mp4,98,30.0033,3.26631,
again,again/again-trim-1783485117532.mp4,again-trim-1783485117532.mp4,93,30.0067,3.09931,
again,again/again-trim-1783485158865.mp4,again-trim-1783485158865.mp4,75,30.0083,2.49931,
again,again/again-trim-1783485173494.mp4,again-trim-1783485173494.mp4,62,30.0051,2.06631,
again,again/again-trim-1783485183575.mp4,again-trim-1783485183575.mp4,64,30.0003,2.13331,
again,again/again-trim-1783485193192.mp4,again-trim-1783485193192.mp4,68,30.0047,2.26631,
again,again/again-trim-1783485204105.mp4,again-trim-1783485204105.mp4,88,30.0002,2.93331,
again,again/again-trim-1783485214813.mp4,again-trim-1783485214813.mp4,102,30.0061,3.39931,
allergy,allergy/ASL Allergy/IMG_8454(1).MOV,IMG_8454(1).MOV,80,30.094,2.65833,
allergy,allergy/ASL Allergy/IMG_8454(10).MOV,IMG_8454(10).MOV,62,30.567,2.02833,
allergy,allergy/ASL Allergy/IMG_8454(11).MOV,IMG_8454(11).MOV,78,30.2521,2.57833,
allergy,allergy/ASL Allergy/IMG_8454(12).MOV,IMG_8454(12).MOV,80,30.4183,2.63,
allergy,allergy/ASL Allergy/IMG_8454(13).MOV,IMG_8454(13).MOV,79,30.0571,2.62833,
allergy,allergy/ASL Allergy/IMG_8454(14).MOV,IMG_8454(14).MOV,87,30.2433,2.87667,
allergy,allergy/ASL Allergy/IMG_8454(15).MOV,IMG_8454(15).MOV,72,30.7692,2.34,
allergy,allergy/ASL Allergy/IMG_8454(16).MOV,IMG_8454(16).MOV,72,30.3158,2.375,
allergy,allergy/ASL Allergy/IMG_8454(17).MOV,IMG_8454(17).MOV,70,30.1075,2.325,
allergy,allergy/ASL Allergy/IMG_8454(18).MOV,IMG_8454(18).MOV,75,30.3439,2.47167,
allergy,allergy/ASL Allergy/IMG_8454(19).MOV,IMG_8454(19).MOV,78,30.4094,2.565,
allergy,allergy/ASL Allergy/IMG_8454(2).MOV,IMG_8454(2).MOV,74,30.5785,2.42,
allergy,allergy/ASL Allergy/IMG_8454(20).MOV,IMG_8454(20).MOV,81,30.0557,2.695,
allergy,allergy/ASL Allergy/IMG_8454(21).MOV,IMG_8454(21).MOV,80,30.4183,2.63,
allergy,allergy/ASL Allergy/IMG_8454(22).MOV,IMG_8454(22).MOV,72,30.2733,2.37833,
allergy,allergy/ASL Allergy/IMG_8454(23).MOV,IMG_8454(23).MOV,92,30.2632,3.04,
allergy,allergy/ASL Allergy/IMG_8454(24).MOV,IMG_8454(24).MOV,82,30.2956,2.70667,
allergy,allergy/ASL Allergy/IMG_8454(25).MOV,IMG_8454(25).MOV,78,30.2521,2.57833,
allergy,allergy/ASL Allergy/IMG_8454(26).MOV,IMG_8454(26).MOV,65,30.3502,2.14167,
allergy,allergy/ASL Allergy/IMG_8454(27).MOV,IMG_8454(27).MOV,73,29.9795,2.435,
allergy,allergy/ASL Allergy/IMG_8454(28).MOV,IMG_8454(28).MOV,76,30.3191,2.50667,
allergy,allergy/ASL Allergy/IMG_8454(29).MOV,IMG_8454(29).MOV,77,30.3349,2.53833,
allergy,allergy/ASL Allergy/IMG_8454(3).MOV,IMG_8454(3).MOV,74,30.6207,2.41667,
allergy,allergy/ASL Allergy/IMG_8454(4).MOV,IMG_8454(4).MOV,82,30.2211,2.71333,
allergy,allergy/ASL Allergy/IMG_8454(5).MOV,IMG_8454(5).MOV,72,30.3797,2.37,
allergy,allergy/ASL Allergy/IMG_8454(6).MOV,IMG_8454(6).MOV,73,29.9795,2.435,
allergy,allergy/ASL Allergy/IMG_8454(7).MOV,IMG_8454(7).MOV,68,30.3797,2.23833,
allergy,allergy/ASL Allergy/IMG_8454(8).MOV,IMG_8454(8).MOV,76,30.3797,2.50167,
allergy,allergy/ASL Allergy/IMG_8454(9).MOV,IMG_8454(9).MOV,71,30.1914,2.35167,
allergy,allergy/ASL Allergy/IMG_8454.MOV,IMG_8454.MOV,78,30.1546,2.58667,
arm,arm/ASL Arm/IMG_8419(1).mov,IMG_8419(1).mov,44,30.1026,1.46167,
arm,arm/ASL Arm/IMG_8419(10).MOV,IMG_8419(10).MOV,50,30.581,1.635,
arm,arm/ASL Arm/IMG_8419(11).mov,IMG_8419(11).mov,58,30.3136,1.91333,
arm,arm/ASL Arm/IMG_8419(12).MOV,IMG_8419(12).MOV,67,30,2.23333,
arm,arm/ASL Arm/IMG_8419(13).MOV,IMG_8419(13).MOV,46,30.3297,1.51667,
arm,arm/ASL Arm/IMG_8419(14).MOV,IMG_8419(14).MOV,76,30.5017,2.49167,
arm,arm/ASL Arm/IMG_8419(15).MOV,IMG_8419(15).MOV,63,30.2158,2.085,
arm,arm/ASL Arm/IMG_8419(16).MOV,IMG_8419(16).MOV,67,30.4315,2.20167,
arm,arm/ASL Arm/IMG_8419(17).MOV,IMG_8419(17).MOV,48,30.5085,1.57333,
arm,arm/ASL Arm/IMG_8419(18).MOV,IMG_8419(18).MOV,55,30.5839,1.79833,
arm,arm/ASL Arm/IMG_8419(19).MOV,IMG_8419(19).MOV,67,30.4315,2.20167,
arm,arm/ASL Arm/IMG_8419(2).mov,IMG_8419(2).mov,55,30.8123,1.785,
arm,arm/ASL Arm/IMG_8419(20).MOV,IMG_8419(20).MOV,68,30.6077,2.22167,
arm,arm/ASL Arm/IMG_8419(21).MOV,IMG_8419(21).MOV,49,30.9148,1.585,
arm,arm/ASL Arm/IMG_8419(22).MOV,IMG_8419(22).MOV,60,30.4826,1.96833,
arm,arm/ASL Arm/IMG_8419(23).MOV,IMG_8419(23).MOV,48,30.1571,1.59167,
arm,arm/ASL Arm/IMG_8419(24).MOV,IMG_8419(24).MOV,51,31.003,1.645,
arm,arm/ASL Arm/IMG_8419(25).MOV,IMG_8419(25).MOV,55,30.3588,1.81167,
arm,arm/ASL Arm/IMG_8419(26).MOV,IMG_8419(26).MOV,62,30.417,2.03833,
arm,arm/ASL Arm/IMG_8419(27).MOV,IMG_8419(27).MOV,56,30.1075,1.86,
arm,arm/ASL Arm/IMG_8419(28).MOV,IMG_8419(28).MOV,44,30.1714,1.45833,
arm,arm/ASL Arm/IMG_8419(29).MOV,IMG_8419(29).MOV,31,31,1,
arm,arm/ASL Arm/IMG_8419(3).mov,IMG_8419(3).mov,70,30,2.33333,
arm,arm/ASL Arm/IMG_8419(4).mov,IMG_8419(4).mov,52,30.3797,1.71167,
arm,arm/ASL Arm/IMG_8419(5).mov,IMG_8419(5).mov,49,30.2781,1.61833,
arm,arm/ASL Arm/IMG_8419(6).mov,IMG_8419(6).mov,60,30.4569,1.97,
arm,arm/ASL Arm/IMG_8419(7).mov,IMG_8419(7).mov,55,30.8123,1.785,
arm,arm/ASL Arm/IMG_8419(8).mov,IMG_8419(8).mov,49,30.5931,1.60167,
arm,arm/ASL Arm/IMG_8419(9).MOV,IMG_8419(9).MOV,60,30.303,1.98,
arm,arm/ASL Arm/IMG_8419.mov,IMG_8419.mov,54,30.1395,1.79167,
back,back/050_1614[9m14s].mp4,050_1614[9m14s].mp4,76,30,2.53333,
back,back/1655460335.mp4,1655460335.mp4,81,29.97,2.7027,
back,back/1G4vDS5DgqI.mp4,1G4vDS5DgqI.mp4,97,29.97,3.23657,
back,back/23415.mp4,23415.mp4,52,29.97,1.73507,
back,back/back (1).mp4,back (1).mp4,90,29.97,3.003,
back,back/BACK-27.mp4,BACK-27.mp4,60,23.976,2.5025,
back,back/BACK-BODY-2084.mp4,BACK-BODY-2084.mp4,76,29.97,2.53587,
back,back/back.mp4,back.mp4,93,29.97,3.1031,
back,back/back2.mp4,back2.mp4,91,29.97,3.03637,
back,back/kzjPOzLlaI0.mp4,kzjPOzLlaI0.mp4,40,23.976,1.66833,
back,back/t74C_E4cRcw (online-video-cutter.com).mp4,t74C_E4cRcw (online-video-cutter.com).mp4,57,30,1.9,
back,back/video1822845361 (online-video-cutter.com) (1).mp4,video1822845361 (online-video-cutter.com) (1).mp4,65,25,2.6,
back,back/video1822845361 (online-video-cutter.com) (2).mp4,video1822845361 (online-video-cutter.com) (2).mp4,65,25,2.6,
back,back/video1822845361 (online-video-cutter.com) (3).mp4,video1822845361 (online-video-cutter.com) (3).mp4,65,25,2.6,
back,back/video1822845361 (online-video-cutter.com) (4).mp4,video1822845361 (online-video-cutter.com) (4).mp4,65,25,2.6,
back,back/video1822845361 (online-video-cutter.com) (5).mp4,video1822845361 (online-video-cutter.com) (5).mp4,70,25,2.8,
back,back/video1822845361 (online-video-cutter.com).mp4,video1822845361 (online-video-cutter.com).mp4,74,25,2.96,
back,back/YTDown_YouTube_American-Sign-Language-ASL-Lesson-Opposi_Media_Ss2XFxoAhkA_001_1080p (online-video-cutter.com) (1).mp4,YTDown_YouTube_American-Sign-Language-ASL-Lesson-Opposi_Media_Ss2XFxoAhkA_001_1080p (online-video-cutter.com) (1).mp4,182,60,3.03333,
back,back/YTDown_YouTube_American-Sign-Language-ASL-Lesson-Opposi_Media_Ss2XFxoAhkA_001_1080p (online-video-cutter.com).mp4,YTDown_YouTube_American-Sign-Language-ASL-Lesson-Opposi_Media_Ss2XFxoAhkA_001_1080p (online-video-cutter.com).mp4,182,60,3.03333,
back,back/YTDown_YouTube_ASL-Top-Bottom-Left-and-Right-Sign-Langu_Media_tI0opGWpL7U_001_720p (online-video-cutter.com) (1).mp4,YTDown_YouTube_ASL-Top-Bottom-Left-and-Right-Sign-Langu_Media_tI0opGWpL7U_001_720p (online-video-cutter.com) (1).mp4,70,29.97,2.33567,
back,back/YTDown_YouTube_ASL-Top-Bottom-Left-and-Right-Sign-Langu_Media_tI0opGWpL7U_001_720p (online-video-cutter.com) (2).mp4,YTDown_YouTube_ASL-Top-Bottom-Left-and-Right-Sign-Langu_Media_tI0opGWpL7U_001_720p (online-video-cutter.com) (2).mp4,87,29.97,2.9029,
back,back/YTDown_YouTube_ASL-Top-Bottom-Left-and-Right-Sign-Langu_Media_tI0opGWpL7U_001_720p (online-video-cutter.com) (3).mp4,YTDown_YouTube_ASL-Top-Bottom-Left-and-Right-Sign-Langu_Media_tI0opGWpL7U_001_720p (online-video-cutter.com) (3).mp4,70,29.97,2.33567,
back,back/YTDown_YouTube_ASL-Top-Bottom-Left-and-Right-Sign-Langu_Media_tI0opGWpL7U_001_720p (online-video-cutter.com).mp4,YTDown_YouTube_ASL-Top-Bottom-Left-and-Right-Sign-Langu_Media_tI0opGWpL7U_001_720p (online-video-cutter.com).mp4,78,29.97,2.6026,
back,back/YTDown_YouTube_BACK-ASL-AMERICAN-Sign-Language-for-BACK_Media_N3g6PixVjFg_001_1080p (online-video-cutter.com) (1).mp4,YTDown_YouTube_BACK-ASL-AMERICAN-Sign-Language-for-BACK_Media_N3g6PixVjFg_001_1080p (online-video-cutter.com) (1).mp4,63,25,2.52,
back,back/YTDown_YouTube_BACK-ASL-AMERICAN-Sign-Language-for-BACK_Media_N3g6PixVjFg_001_1080p (online-video-cutter.com) (2).mp4,YTDown_YouTube_BACK-ASL-AMERICAN-Sign-Language-for-BACK_Media_N3g6PixVjFg_001_1080p (online-video-cutter.com) (2).mp4,63,25,2.52,
back,back/YTDown_YouTube_BACK-ASL-AMERICAN-Sign-Language-for-BACK_Media_N3g6PixVjFg_001_1080p (online-video-cutter.com).mp4,YTDown_YouTube_BACK-ASL-AMERICAN-Sign-Language-for-BACK_Media_N3g6PixVjFg_001_1080p (online-video-cutter.com).mp4,63,25,2.52,
back,back/YTDown_YouTube_back-in-ASL_Media_9mDgzvGmwxw_001_1080p (online-video-cutter.com) (1).mp4,YTDown_YouTube_back-in-ASL_Media_9mDgzvGmwxw_001_1080p (online-video-cutter.com) (1).mp4,111,60,1.85,
back,back/YTDown_YouTube_back-in-ASL_Media_9mDgzvGmwxw_001_1080p (online-video-cutter.com).mp4,YTDown_YouTube_back-in-ASL_Media_9mDgzvGmwxw_001_1080p (online-video-cutter.com).mp4,125,60,2.08333,
back,back/YTDown_YouTube_Back_Media_y79KOnxcFLo_001_1080p (online-video-cutter.com) (1).mp4,YTDown_YouTube_Back_Media_y79KOnxcFLo_001_1080p (online-video-cutter.com) (1).mp4,76,29.97,2.53587,
back,back/YTDown_YouTube_Back_Media_y79KOnxcFLo_001_1080p (online-video-cutter.com) (2).mp4,YTDown_YouTube_Back_Media_y79KOnxcFLo_001_1080p (online-video-cutter.com) (2).mp4,46,29.97,1.53487,
back,back/YTDown_YouTube_Back_Media_y79KOnxcFLo_001_1080p (online-video-cutter.com).mp4,YTDown_YouTube_Back_Media_y79KOnxcFLo_001_1080p (online-video-cutter.com).mp4,52,29.97,1.73507,
back,back/YTDown_YouTube_behind-in-the-BACK_Media_uO_1rvLwSsM_001_1080p.mp4,YTDown_YouTube_behind-in-the-BACK_Media_uO_1rvLwSsM_001_1080p.mp4,91,29.97,3.03637,
back,back/YTDown_YouTube_How-To-Sign-BACK-ASL-Word-Of-The-Day-Wor_Media_rj3Kemk_uj0_001_1080p (online-video-cutter.com).mp4,YTDown_YouTube_How-To-Sign-BACK-ASL-Word-Of-The-Day-Wor_Media_rj3Kemk_uj0_001_1080p (online-video-cutter.com).mp4,89,29.97,2.96963,
better,better/1655545104.mp4,1655545104.mp4,31,15.449,2.0066,
better,better/1661203961.mp4,1661203961.mp4,72,29.97,2.4024,
better,better/36800.mp4,36800.mp4,57,29.97,1.9019,
better,better/better (1).mp4,better (1).mp4,103,29.97,3.43677,
better,better/better (2).mp4,better (2).mp4,60,25,2.4,
better,better/better.mp4,better.mp4,89,29.97,2.96963,
better,better/BLThPfXdrsQ.mp4,BLThPfXdrsQ.mp4,97,29.97,3.23657,
better,better/YTDown_Shorts_Better-Best-asl-americansignlanguage-sig_Media_--EoSe81Zhk_001_1080p (online-video-cutter.com) (1).mp4,YTDown_Shorts_Better-Best-asl-americansignlanguage-sig_Media_--EoSe81Zhk_001_1080p (online-video-cutter.com) (1).mp4,27,30,0.9,
better,better/YTDown_Shorts_Better-Best-asl-americansignlanguage-sig_Media_--EoSe81Zhk_001_1080p (online-video-cutter.com).mp4,YTDown_Shorts_Better-Best-asl-americansignlanguage-sig_Media_--EoSe81Zhk_001_1080p (online-video-cutter.com).mp4,27,30,0.9,
better,better/YTDown_Shorts_Learn-How-To-Sign-Better-in-ASL-for-Begi_Media_bcBc-yJz6JE_001_1080p (online-video-cutter.com) (1).mp4,YTDown_Shorts_Learn-How-To-Sign-Better-in-ASL-for-Begi_Media_bcBc-yJz6JE_001_1080p (online-video-cutter.com) (1).mp4,29,29.314,0.989288,
better,better/YTDown_Shorts_Learn-How-To-Sign-Better-in-ASL-for-Begi_Media_bcBc-yJz6JE_001_1080p (online-video-cutter.com).mp4,YTDown_Shorts_Learn-How-To-Sign-Better-in-ASL-for-Begi_Media_bcBc-yJz6JE_001_1080p (online-video-cutter.com).mp4,29,29.314,0.989288,
better,better/YTDown_Shorts_Learn-How-To-Sign-Better-in-ASL-for-Begi_Media_EOBJjBU5K7A_001_480p (online-video-cutter.com).mp4,YTDown_Shorts_Learn-How-To-Sign-Better-in-ASL-for-Begi_Media_EOBJjBU5K7A_001_480p (online-video-cutter.com).mp4,19,30,0.633333,
better,better/YTDown_Shorts_The-Right-Way-to-Sign-GOOD-BETTER-AND-BE_Media_mhwsEp3r-Dg_001_720p (online-video-cutter.com) (1).mp4,YTDown_Shorts_The-Right-Way-to-Sign-GOOD-BETTER-AND-BE_Media_mhwsEp3r-Dg_001_720p (online-video-cutter.com) (1).mp4,59,30,1.96667,
better,better/YTDown_Shorts_The-Right-Way-to-Sign-GOOD-BETTER-AND-BE_Media_mhwsEp3r-Dg_001_720p (online-video-cutter.com) (2).mp4,YTDown_Shorts_The-Right-Way-to-Sign-GOOD-BETTER-AND-BE_Media_mhwsEp3r-Dg_001_720p (online-video-cutter.com) (2).mp4,18,30,0.6,
better,better/YTDown_Shorts_The-Right-Way-to-Sign-GOOD-BETTER-AND-BE_Media_mhwsEp3r-Dg_001_720p (online-video-cutter.com) (3).mp4,YTDown_Shorts_The-Right-Way-to-Sign-GOOD-BETTER-AND-BE_Media_mhwsEp3r-Dg_001_720p (online-video-cutter.com) (3).mp4,18,30,0.6,
better,better/YTDown_Shorts_The-Right-Way-to-Sign-GOOD-BETTER-AND-BE_Media_mhwsEp3r-Dg_001_720p (online-video-cutter.com) (4).mp4,YTDown_Shorts_The-Right-Way-to-Sign-GOOD-BETTER-AND-BE_Media_mhwsEp3r-Dg_001_720p (online-video-cutter.com) (4).mp4,15,30,0.5,
better,better/YTDown_Shorts_The-Right-Way-to-Sign-GOOD-BETTER-AND-BE_Media_mhwsEp3r-Dg_001_720p (online-video-cutter.com) (5).mp4,YTDown_Shorts_The-Right-Way-to-Sign-GOOD-BETTER-AND-BE_Media_mhwsEp3r-Dg_001_720p (online-video-cutter.com) (5).mp4,57,30,1.9,
better,better/YTDown_Shorts_The-Right-Way-to-Sign-GOOD-BETTER-AND-BE_Media_mhwsEp3r-Dg_001_720p (online-video-cutter.com) (6).mp4,YTDown_Shorts_The-Right-Way-to-Sign-GOOD-BETTER-AND-BE_Media_mhwsEp3r-Dg_001_720p (online-video-cutter.com) (6).mp4,57,30,1.9,
better,better/YTDown_Shorts_The-Right-Way-to-Sign-GOOD-BETTER-AND-BE_Media_mhwsEp3r-Dg_001_720p (online-video-cutter.com).mp4,YTDown_Shorts_The-Right-Way-to-Sign-GOOD-BETTER-AND-BE_Media_mhwsEp3r-Dg_001_720p (online-video-cutter.com).mp4,57,30,1.9,
better,better/YTDown_YouTube_ASL-Sign-Good-and-Better_Media_Ni4t6KeGh9E_001_1080p (online-video-cutter.com).mp4,YTDown_YouTube_ASL-Sign-Good-and-Better_Media_Ni4t6KeGh9E_001_1080p (online-video-cutter.com).mp4,63,30,2.1,
better,better/YTDown_YouTube_better-in-ASL_Media_PPztem1urIU_001_1080p (online-video-cutter.com).mp4,YTDown_YouTube_better-in-ASL_Media_PPztem1urIU_001_1080p (online-video-cutter.com).mp4,131,60,2.18333,
better,better/YTDown_YouTube_BETTER-more-appropriate_Media_ELNnJbiS8NU_001_1080p.mp4,YTDown_YouTube_BETTER-more-appropriate_Media_ELNnJbiS8NU_001_1080p.mp4,85,30,2.83333,
better,better/YTDown_YouTube_better-off-ASL_Media_CoqD7w2I0Yg_001_480p.mp4,YTDown_YouTube_better-off-ASL_Media_CoqD7w2I0Yg_001_480p.mp4,97,29.97,3.23657,
better,better/YTDown_YouTube_BETTER_Media_0G80qJqwweI_001_1080p.mp4,YTDown_YouTube_BETTER_Media_0G80qJqwweI_001_1080p.mp4,65,29.97,2.16883,
better,better/YTDown_YouTube_BETTER_Media_sQ_ABcs0n0A_001_1080p.mp4,YTDown_YouTube_BETTER_Media_sQ_ABcs0n0A_001_1080p.mp4,84,29.97,2.8028,
better,better/YTDown_YouTube_better_Media_XiGTZRk-ofg_001_480p.mp4,YTDown_YouTube_better_Media_XiGTZRk-ofg_001_480p.mp4,68,28.632,2.37497,
better,better/YTDown_YouTube_Learn-ASL-Trash-Better-Best_Media_4R8h6BfZGzU_001_1080p (online-video-cutter.com) (1).mp4,YTDown_YouTube_Learn-ASL-Trash-Better-Best_Media_4R8h6BfZGzU_001_1080p (online-video-cutter.com) (1).mp4,46,30,1.53333,
better,better/YTDown_YouTube_Learn-ASL-Trash-Better-Best_Media_4R8h6BfZGzU_001_1080p (online-video-cutter.com).mp4,YTDown_YouTube_Learn-ASL-Trash-Better-Best_Media_4R8h6BfZGzU_001_1080p (online-video-cutter.com).mp4,46,30,1.53333,
better,better/YTDown_YouTube_Sign-BETTER-in-ASL-with-ASL-Bloom_Media_iBUoZS3r9Zs_001_1080p (online-video-cutter.com).mp4,YTDown_YouTube_Sign-BETTER-in-ASL-with-ASL-Bloom_Media_iBUoZS3r9Zs_001_1080p (online-video-cutter.com).mp4,60,30,2,
better,better/YTDown_YouTube_You-feel-better-you-ASL_Media_Rqx8Zc3batI_001_480p (online-video-cutter.com).mp4,YTDown_YouTube_You-feel-better-you-ASL_Media_Rqx8Zc3batI_001_480p (online-video-cutter.com).mp4,22,29.97,0.734067,
breathe,breathe/ASL Breathe/IMG_8455(1).MOV,IMG_8455(1).MOV,81,30.2993,2.67333,
breathe,breathe/ASL Breathe/IMG_8455(10).MOV,IMG_8455(10).MOV,73,30.0618,2.42833,
breathe,breathe/ASL Breathe/IMG_8455(11).MOV,IMG_8455(11).MOV,87,30.2433,2.87667,
breathe,breathe/ASL Breathe/IMG_8455(12).MOV,IMG_8455(12).MOV,83,30.2184,2.74667,
breathe,breathe/ASL Breathe/IMG_8455(13).MOV,IMG_8455(13).MOV,84,30.4348,2.76,
breathe,breathe/ASL Breathe/IMG_8455(14).MOV,IMG_8455(14).MOV,82,30.1286,2.72167,
breathe,breathe/ASL Breathe/IMG_8455(15).MOV,IMG_8455(15).MOV,77,30,2.56667,
breathe,breathe/ASL Breathe/IMG_8455(16).MOV,IMG_8455(16).MOV,86,30.3887,2.83,
breathe,breathe/ASL Breathe/IMG_8455(17).MOV,IMG_8455(17).MOV,89,30.2036,2.94667,
breathe,breathe/ASL Breathe/IMG_8455(18).MOV,IMG_8455(18).MOV,79,30.1719,2.61833,
breathe,breathe/ASL Breathe/IMG_8455(19).MOV,IMG_8455(19).MOV,91,30.3671,2.99667,
breathe,breathe/ASL Breathe/IMG_8455(2).MOV,IMG_8455(2).MOV,82,30.2956,2.70667,
breathe,breathe/ASL Breathe/IMG_8455(20).MOV,IMG_8455(20).MOV,89,30.2378,2.94333,
breathe,breathe/ASL Breathe/IMG_8455(21).MOV,IMG_8455(21).MOV,76,30.299,2.50833,
breathe,breathe/ASL Breathe/IMG_8455(22).MOV,IMG_8455(22).MOV,90,30.2182,2.97833,
breathe,breathe/ASL Breathe/IMG_8455(23).MOV,IMG_8455(23).MOV,91,30.2326,3.01,
breathe,breathe/ASL Breathe/IMG_8455(24).MOV,IMG_8455(24).MOV,82,30.184,2.71667,
breathe,breathe/ASL Breathe/IMG_8455(25).MOV,IMG_8455(25).MOV,87,30.1038,2.89,
breathe,breathe/ASL Breathe/IMG_8455(26).MOV,IMG_8455(26).MOV,79,30.1719,2.61833,
breathe,breathe/ASL Breathe/IMG_8455(27).MOV,IMG_8455(27).MOV,77,30.0586,2.56167,
breathe,breathe/ASL Breathe/IMG_8455(28).MOV,IMG_8455(28).MOV,81,30.1115,2.69,
breathe,breathe/ASL Breathe/IMG_8455(29).MOV,IMG_8455(29).MOV,84,30.2703,2.775,
breathe,breathe/ASL Breathe/IMG_8455(3).MOV,IMG_8455(3).MOV,79,30.1335,2.62167,
breathe,breathe/ASL Breathe/IMG_8455(4).MOV,IMG_8455(4).MOV,84,30.3067,2.77167,
breathe,breathe/ASL Breathe/IMG_8455(5).MOV,IMG_8455(5).MOV,79,30.3263,2.605,
breathe,breathe/ASL Breathe/IMG_8455(6).MOV,IMG_8455(6).MOV,93,30.1296,3.08667,
breathe,breathe/ASL Breathe/IMG_8455(7).MOV,IMG_8455(7).MOV,76,30.7071,2.475,
breathe,breathe/ASL Breathe/IMG_8455(8).MOV,IMG_8455(8).MOV,77,30.1567,2.55333,
breathe,breathe/ASL Breathe/IMG_8455(9).MOV,IMG_8455(9).MOV,79,30.019,2.63167,
breathe,breathe/ASL Breathe/IMG_8455.MOV,IMG_8455.MOV,87,30.3312,2.86833,
chest,chest/1664920632.mp4,1664920632.mp4,50,29.97,1.66833,
chest,chest/24293.mp4,24293.mp4,55,29.97,1.83517,
chest,chest/chest (1).mp4,chest (1).mp4,111,25,4.44,
chest,chest/chest.mp4,chest.mp4,78,29.97,2.6026,
chest,chest/TrYm081ZdGI.mp4,TrYm081ZdGI.mp4,38,23.976,1.58492,
chest,chest/video1384552568 (online-video-cutter.com) (1).mp4,video1384552568 (online-video-cutter.com) (1).mp4,75,25,3,
chest,chest/video1384552568 (online-video-cutter.com) (10).mp4,video1384552568 (online-video-cutter.com) (10).mp4,75,25,3,
chest,chest/video1384552568 (online-video-cutter.com) (11).mp4,video1384552568 (online-video-cutter.com) (11).mp4,75,25,3,
chest,chest/video1384552568 (online-video-cutter.com) (12).mp4,video1384552568 (online-video-cutter.com) (12).mp4,75,25,3,
chest,chest/video1384552568 (online-video-cutter.com) (13).mp4,video1384552568 (online-video-cutter.com) (13).mp4,75,25,3,
chest,chest/video1384552568 (online-video-cutter.com) (14).mp4,video1384552568 (online-video-cutter.com) (14).mp4,75,25,3,
chest,chest/video1384552568 (online-video-cutter.com) (15).mp4,video1384552568 (online-video-cutter.com) (15).mp4,75,25,3,
chest,chest/video1384552568 (online-video-cutter.com) (16).mp4,video1384552568 (online-video-cutter.com) (16).mp4,75,25,3,
chest,chest/video1384552568 (online-video-cutter.com) (17).mp4,video1384552568 (online-video-cutter.com) (17).mp4,75,25,3,
chest,chest/video1384552568 (online-video-cutter.com) (2).mp4,video1384552568 (online-video-cutter.com) (2).mp4,75,25,3,
chest,chest/video1384552568 (online-video-cutter.com) (3).mp4,video1384552568 (online-video-cutter.com) (3).mp4,75,25,3,
chest,chest/video1384552568 (online-video-cutter.com) (4).mp4,video1384552568 (online-video-cutter.com) (4).mp4,75,25,3,
chest,chest/video1384552568 (online-video-cutter.com) (5).mp4,video1384552568 (online-video-cutter.com) (5).mp4,75,25,3,
chest,chest/video1384552568 (online-video-cutter.com) (6).mp4,video1384552568 (online-video-cutter.com) (6).mp4,75,25,3,
chest,chest/video1384552568 (online-video-cutter.com) (7).mp4,video1384552568 (online-video-cutter.com) (7).mp4,75,25,3,
chest,chest/video1384552568 (online-video-cutter.com) (8).mp4,video1384552568 (online-video-cutter.com) (8).mp4,75,25,3,
chest,chest/video1384552568 (online-video-cutter.com) (9).mp4,video1384552568 (online-video-cutter.com) (9).mp4,75,25,3,
chest,chest/video1384552568 (online-video-cutter.com).mp4,video1384552568 (online-video-cutter.com).mp4,75,25,3,
chest,chest/YTDown_YouTube_Chest-ASL_Media_FI8LT2cAELo_001_1080p.mp4,YTDown_YouTube_Chest-ASL_Media_FI8LT2cAELo_001_1080p.mp4,61,23.976,2.54421,
chest,chest/YTDown_YouTube_chest-breast-pectoral-body-ASL_Media_9Xyk2tfA2kU_001_480p.mp4,YTDown_YouTube_chest-breast-pectoral-body-ASL_Media_9Xyk2tfA2kU_001_480p.mp4,73,29.97,2.43577,
chest,chest/YTDown_YouTube_chest-chest-area-5-hand-version_Media_KdBJoja1UEU_001_1080p.mp4,YTDown_YouTube_chest-chest-area-5-hand-version_Media_KdBJoja1UEU_001_1080p.mp4,83,29.97,2.76943,
chest,chest/YTDown_YouTube_Chest-in-ASL-REG-PZHNDBWP_Media_tMYb2LeXBRo_001_720p (online-video-cutter.com) (1).mp4,YTDown_YouTube_Chest-in-ASL-REG-PZHNDBWP_Media_tMYb2LeXBRo_001_720p (online-video-cutter.com) (1).mp4,76,30,2.53333,
chest,chest/YTDown_YouTube_Chest-in-ASL-REG-PZHNDBWP_Media_tMYb2LeXBRo_001_720p (online-video-cutter.com).mp4,YTDown_YouTube_Chest-in-ASL-REG-PZHNDBWP_Media_tMYb2LeXBRo_001_720p (online-video-cutter.com).mp4,46,30,1.53333,
chest,chest/YTDown_YouTube_Chest-Parts-of-the-body-American-Sign-La_Media_MtPrlAARn6o_001_1080p (online-video-cutter.com) (1).mp4,YTDown_YouTube_Chest-Parts-of-the-body-American-Sign-La_Media_MtPrlAARn6o_001_1080p (online-video-cutter.com) (1).mp4,83,30,2.76667,
chest,chest/YTDown_YouTube_Chest-Parts-of-the-body-American-Sign-La_Media_MtPrlAARn6o_001_1080p (online-video-cutter.com).mp4,YTDown_YouTube_Chest-Parts-of-the-body-American-Sign-La_Media_MtPrlAARn6o_001_1080p (online-video-cutter.com).mp4,68,30,2.26667,
chest,chest/YTDown_YouTube_CHEST-version_Media_N6l9nglUabc_001_1080p.mp4,YTDown_YouTube_CHEST-version_Media_N6l9nglUabc_001_1080p.mp4,67,29.97,2.23557,
chest,chest/YTDown_YouTube_Chest-X-ray_Media_O4ugvQZ-oWI_001_1080p (online-video-cutter.com).mp4,YTDown_YouTube_Chest-X-ray_Media_O4ugvQZ-oWI_001_1080p (online-video-cutter.com).mp4,52,29.97,1.73507,
chest,chest/YTDown_YouTube_I-laughed-so-hard-hand-on-chest-version_Media_iBfi0ePgk8Y_001_1080p.mp4,YTDown_YouTube_I-laughed-so-hard-hand-on-chest-version_Media_iBfi0ePgk8Y_001_1080p.mp4,79,29.97,2.63597,
chest,chest/YTDown_YouTube_Media_-MeE45wJvbM_001_720p.mp4,YTDown_YouTube_Media_-MeE45wJvbM_001_720p.mp4,141,50,2.82,
chest,chest/YTDown_YouTube_squirt-from-bottle-onto-other-persons-ch_Media_VZmvmqufdzg_001_1080p (online-video-cutter.com).mp4,YTDown_YouTube_squirt-from-bottle-onto-other-persons-ch_Media_VZmvmqufdzg_001_1080p (online-video-cutter.com).mp4,76,29.97,2.53587,
cough,cough/1659839696.mp4,1659839696.mp4,69,29.97,2.3023,
cough,cough/29620.mp4,29620.mp4,56,29.97,1.86853,
cough,cough/37118.mp4,37118.mp4,65,29.97,2.16883,
cough,cough/ad98e019-e68b-43b3-a553-3ca76f3c2cf2.mp4,ad98e019-e68b-43b3-a553-3ca76f3c2cf2.mp4,34,30,1.13333,
cough,cough/ccwhli2S__M.mp4,ccwhli2S__M.mp4,31,23.976,1.29296,
cough,cough/cough (1).mp4,cough (1).mp4,77,29.97,2.56924,
cough,cough/cough.mp4,cough.mp4,61,29.97,2.03537,
cough,cough/ejMI304xPZc.mp4,ejMI304xPZc.mp4,79,29.97,2.63597,
cough,cough/YTDown_Shorts_ASL-Coughing-up-phlegm_Media_0Alj8ESsifM_001_480p (online-video-cutter.com).mp4,YTDown_Shorts_ASL-Coughing-up-phlegm_Media_0Alj8ESsifM_001_480p (online-video-cutter.com).mp4,27,24,1.125,
cough,cough/YTDown_Shorts_Cough-americansignlanguage-signlanguage-_Media_YJM1Krgy4e0_001_1080p (online-video-cutter.com) (1).mp4,YTDown_Shorts_Cough-americansignlanguage-signlanguage-_Media_YJM1Krgy4e0_001_1080p (online-video-cutter.com) (1).mp4,75,30,2.5,
cough,cough/YTDown_Shorts_Cough-americansignlanguage-signlanguage-_Media_YJM1Krgy4e0_001_1080p (online-video-cutter.com) (2).mp4,YTDown_Shorts_Cough-americansignlanguage-signlanguage-_Media_YJM1Krgy4e0_001_1080p (online-video-cutter.com) (2).mp4,75,30,2.5,
cough,cough/YTDown_Shorts_Cough-americansignlanguage-signlanguage-_Media_YJM1Krgy4e0_001_1080p (online-video-cutter.com).mp4,YTDown_Shorts_Cough-americansignlanguage-signlanguage-_Media_YJM1Krgy4e0_001_1080p (online-video-cutter.com).mp4,46,30,1.53333,
cough,cough/YTDown_Shorts_How-to-sign-COLD-_-COUGH-in-ASL-asl_Media_BLz1nppWPDE_001_1080p (online-video-cutter.com) (1).mp4,YTDown_Shorts_How-to-sign-COLD-_-COUGH-in-ASL-asl_Media_BLz1nppWPDE_001_1080p (online-video-cutter.com) (1).mp4,90,30,3,
cough,cough/YTDown_Shorts_How-to-sign-COLD-_-COUGH-in-ASL-asl_Media_BLz1nppWPDE_001_1080p (online-video-cutter.com) (2).mp4,YTDown_Shorts_How-to-sign-COLD-_-COUGH-in-ASL-asl_Media_BLz1nppWPDE_001_1080p (online-video-cutter.com) (2).mp4,47,30,1.56667,
cough,cough/YTDown_Shorts_How-to-sign-COLD-_-COUGH-in-ASL-asl_Media_BLz1nppWPDE_001_1080p (online-video-cutter.com) (3).mp4,YTDown_Shorts_How-to-sign-COLD-_-COUGH-in-ASL-asl_Media_BLz1nppWPDE_001_1080p (online-video-cutter.com) (3).mp4,67,30,2.23333,
cough,cough/YTDown_Shorts_How-to-sign-COLD-_-COUGH-in-ASL-asl_Media_BLz1nppWPDE_001_1080p (online-video-cutter.com).mp4,YTDown_Shorts_How-to-sign-COLD-_-COUGH-in-ASL-asl_Media_BLz1nppWPDE_001_1080p (online-video-cutter.com).mp4,90,30,3,
cough,cough/YTDown_Shorts_How-To-Sign-Cough-and-Sneeze-In-ASL-Amer_Media_a8ET0HdtITk_001_1080p (online-video-cutter.com).mp4,YTDown_Shorts_How-To-Sign-Cough-and-Sneeze-In-ASL-Amer_Media_a8ET0HdtITk_001_1080p (online-video-cutter.com).mp4,88,30,2.93333,
cough,cough/YTDown_Shorts_How-to-Sign-FLU-SICK-DISEASE-VIRUS-COUGH_Media_P0iXUfL2_HY_001_720p (online-video-cutter.com).mp4,YTDown_Shorts_How-to-Sign-FLU-SICK-DISEASE-VIRUS-COUGH_Media_P0iXUfL2_HY_001_720p (online-video-cutter.com).mp4,58,29.97,1.93527,
cough,cough/YTDown_Shorts_Learn-ASL-Cough-asl-americansignlanguage_Media_PrnqauY_zsE_001_1080p (online-video-cutter.com) (1).mp4,YTDown_Shorts_Learn-ASL-Cough-asl-americansignlanguage_Media_PrnqauY_zsE_001_1080p (online-video-cutter.com) (1).mp4,69,30,2.3,
cough,cough/YTDown_Shorts_Learn-ASL-Cough-asl-americansignlanguage_Media_PrnqauY_zsE_001_1080p (online-video-cutter.com) (2).mp4,YTDown_Shorts_Learn-ASL-Cough-asl-americansignlanguage_Media_PrnqauY_zsE_001_1080p (online-video-cutter.com) (2).mp4,39,30,1.3,
cough,cough/YTDown_Shorts_Learn-ASL-Cough-asl-americansignlanguage_Media_PrnqauY_zsE_001_1080p (online-video-cutter.com).mp4,YTDown_Shorts_Learn-ASL-Cough-asl-americansignlanguage_Media_PrnqauY_zsE_001_1080p (online-video-cutter.com).mp4,60,30,2,
cough,cough/YTDown_Shorts_Learn-How-To-Sign-Cough-in-ASL-for-Begin_Media_rS4P9Bs9uoY_001_1080p (online-video-cutter.com).mp4,YTDown_Shorts_Learn-How-To-Sign-Cough-in-ASL-for-Begin_Media_rS4P9Bs9uoY_001_1080p (online-video-cutter.com).mp4,90,30,3,
cough,cough/YTDown_YouTube_American-Sign-Language-ASL-Lesson-Cough_Media_BS3k58yF6kM_001_1080p (online-video-cutter.com) (1).mp4,YTDown_YouTube_American-Sign-Language-ASL-Lesson-Cough_Media_BS3k58yF6kM_001_1080p (online-video-cutter.com) (1).mp4,70,30,2.33333,
cough,cough/YTDown_YouTube_American-Sign-Language-ASL-Lesson-Cough_Media_BS3k58yF6kM_001_1080p (online-video-cutter.com) (2).mp4,YTDown_YouTube_American-Sign-Language-ASL-Lesson-Cough_Media_BS3k58yF6kM_001_1080p (online-video-cutter.com) (2).mp4,62,30,2.06667,
cough,cough/YTDown_YouTube_cough-ASL_Media_ejMI304xPZc_001_480p.mp4,YTDown_YouTube_cough-ASL_Media_ejMI304xPZc_001_480p.mp4,79,29.97,2.63597,
cough,cough/YTDown_YouTube_COUGH-C-hand-version_Media_UUq9vik7gPw_001_1080p.mp4,YTDown_YouTube_COUGH-C-hand-version_Media_UUq9vik7gPw_001_1080p.mp4,87,29.97,2.9029,
cough,cough/YTDown_YouTube_COUGH-COUGH-pound-chest-twice-version-id_Media_NXg3uw5PrZs_001_1080p.mp4,YTDown_YouTube_COUGH-COUGH-pound-chest-twice-version-id_Media_NXg3uw5PrZs_001_1080p.mp4,107,29.97,3.57023,
cough,cough/YTDown_YouTube_cough-in-ASL_Media_PzEixR3hp0Y_001_1080p (online-video-cutter.com).mp4,YTDown_YouTube_cough-in-ASL_Media_PzEixR3hp0Y_001_1080p (online-video-cutter.com).mp4,139,60,2.31667,
cough,cough/YTDown_YouTube_COUGH-looks-like-complain_Media_5GZ1yv24OII_001_1080p.mp4,YTDown_YouTube_COUGH-looks-like-complain_Media_5GZ1yv24OII_001_1080p.mp4,64,29.97,2.13547,
cough,cough/YTDown_YouTube_cough-repetitive-ASL_Media_jJGWOBffUrM_001_480p.mp4,YTDown_YouTube_cough-repetitive-ASL_Media_jJGWOBffUrM_001_480p.mp4,136,29.97,4.53787,
cough,cough/YTDown_YouTube_COUGH-S-handshape-pound-chest_Media_S-eTctbLEoM_001_1080p.mp4,YTDown_YouTube_COUGH-S-handshape-pound-chest_Media_S-eTctbLEoM_001_1080p.mp4,88,29.97,2.93627,
cough,cough/YTDown_YouTube_cough-uninflected-ASL_Media_7yw8BfFNRdY_001_480p (online-video-cutter.com).mp4,YTDown_YouTube_cough-uninflected-ASL_Media_7yw8BfFNRdY_001_480p (online-video-cutter.com).mp4,92,29.97,3.06973,
dizzy,dizzy/1660290194.mp4,1660290194.mp4,76,29.97,2.53587,
dizzy,dizzy/1661207013.mp4,1661207013.mp4,63,29.97,2.1021,
dizzy,dizzy/25672.mp4,25672.mp4,79,29.97,2.63597,
dizzy,dizzy/DIZZY-1264.mp4,DIZZY-1264.mp4,78,23.9761,3.25324,
dizzy,dizzy/dizzy.mp4,dizzy.mp4,63,29.97,2.1021,
dizzy,dizzy/GIzNlJrLqpc.mp4,GIzNlJrLqpc.mp4,41,23.976,1.71004,
dizzy,dizzy/YTDown_Shorts_ASL-sign-for-first-responders-are-you-di_Media_WY2Ti4x1lwA_001_1080p (online-video-cutter.com) (1).mp4,YTDown_Shorts_ASL-sign-for-first-responders-are-you-di_Media_WY2Ti4x1lwA_001_1080p (online-video-cutter.com) (1).mp4,43,30,1.43333,
dizzy,dizzy/YTDown_Shorts_ASL-sign-for-first-responders-are-you-di_Media_WY2Ti4x1lwA_001_1080p (online-video-cutter.com) (2).mp4,YTDown_Shorts_ASL-sign-for-first-responders-are-you-di_Media_WY2Ti4x1lwA_001_1080p (online-video-cutter.com) (2).mp4,43,30,1.43333,
dizzy,dizzy/YTDown_Shorts_ASL-sign-for-first-responders-are-you-di_Media_WY2Ti4x1lwA_001_1080p (online-video-cutter.com) (3).mp4,YTDown_Shorts_ASL-sign-for-first-responders-are-you-di_Media_WY2Ti4x1lwA_001_1080p (online-video-cutter.com) (3).mp4,49,30,1.63333,
dizzy,dizzy/YTDown_Shorts_ASL-sign-for-first-responders-are-you-di_Media_WY2Ti4x1lwA_001_1080p (online-video-cutter.com).mp4,YTDown_Shorts_ASL-sign-for-first-responders-are-you-di_Media_WY2Ti4x1lwA_001_1080p (online-video-cutter.com).mp4,43,30,1.43333,
dizzy,dizzy/YTDown_Shorts_Dizzy-randydignan-asl-americansignlangua_Media_KwzEEERUVqE_001_1080p (online-video-cutter.com) (1).mp4,YTDown_Shorts_Dizzy-randydignan-asl-americansignlangua_Media_KwzEEERUVqE_001_1080p (online-video-cutter.com) (1).mp4,59,30,1.96667,
dizzy,dizzy/YTDown_Shorts_Dizzy-randydignan-asl-americansignlangua_Media_KwzEEERUVqE_001_1080p (online-video-cutter.com) (2).mp4,YTDown_Shorts_Dizzy-randydignan-asl-americansignlangua_Media_KwzEEERUVqE_001_1080p (online-video-cutter.com) (2).mp4,59,30,1.96667,
dizzy,dizzy/YTDown_Shorts_Dizzy-randydignan-asl-americansignlangua_Media_KwzEEERUVqE_001_1080p (online-video-cutter.com) (3).mp4,YTDown_Shorts_Dizzy-randydignan-asl-americansignlangua_Media_KwzEEERUVqE_001_1080p (online-video-cutter.com) (3).mp4,59,30,1.96667,
dizzy,dizzy/YTDown_Shorts_Dizzy-randydignan-asl-americansignlangua_Media_KwzEEERUVqE_001_1080p (online-video-cutter.com).mp4,YTDown_Shorts_Dizzy-randydignan-asl-americansignlangua_Media_KwzEEERUVqE_001_1080p (online-video-cutter.com).mp4,59,30,1.96667,
dizzy,dizzy/YTDown_Shorts_Drowsy-v-s-Dizzy-asl-americansignlanguag_Media_k8A3oKqMrqo_001_1080p (online-video-cutter.com).mp4,YTDown_Shorts_Drowsy-v-s-Dizzy-asl-americansignlanguag_Media_k8A3oKqMrqo_001_1080p (online-video-cutter.com).mp4,78,30,2.6,
dizzy,dizzy/YTDown_YouTube_American-Sign-Language-ASL-Lesson-Dizzy_Media_vRystIY5Sik_001_1080p (1).mp4,YTDown_YouTube_American-Sign-Language-ASL-Lesson-Dizzy_Media_vRystIY5Sik_001_1080p (1).mp4,90,30,3,
dizzy,dizzy/YTDown_YouTube_American-Sign-Language-ASL-Lesson-Dizzy_Media_vRystIY5Sik_001_1080p (online-video-cutter.com) (1).mp4,YTDown_YouTube_American-Sign-Language-ASL-Lesson-Dizzy_Media_vRystIY5Sik_001_1080p (online-video-cutter.com) (1).mp4,89,30,2.96667,
dizzy,dizzy/YTDown_YouTube_Dizzy-ASL-sign-for-Dizzy_Media_kzJUia1ciEc_001_720p (1).mp4,YTDown_YouTube_Dizzy-ASL-sign-for-Dizzy_Media_kzJUia1ciEc_001_720p (1).mp4,61,29.97,2.03537,
dizzy,dizzy/YTDown_YouTube_dizzy-ASL_Media_GbKoXpVI480_001_480p (1).mp4,YTDown_YouTube_dizzy-ASL_Media_GbKoXpVI480_001_480p (1).mp4,60,29.97,2.002,
dizzy,dizzy/YTDown_YouTube_dizzy-circular-bigger-ASL_Media_UBCUVlJgxuU_001_480p (online-video-cutter.com).mp4,YTDown_YouTube_dizzy-circular-bigger-ASL_Media_UBCUVlJgxuU_001_480p (online-video-cutter.com).mp4,73,29.97,2.43577,
dizzy,dizzy/YTDown_YouTube_DIZZY-clawed-5-circular_Media_68igHxkWBfw_001_1080p (1).mp4,YTDown_YouTube_DIZZY-clawed-5-circular_Media_68igHxkWBfw_001_1080p (1).mp4,60,29.97,2.002,
dizzy,dizzy/YTDown_YouTube_dizzy-dizzier-dizziest_Media_mcGEEsjFmgY_001_720p (online-video-cutter.com) (1).mp4,YTDown_YouTube_dizzy-dizzier-dizziest_Media_mcGEEsjFmgY_001_720p (online-video-cutter.com) (1).mp4,62,30,2.06667,
dizzy,dizzy/YTDown_YouTube_dizzy-dizzier-dizziest_Media_mcGEEsjFmgY_001_720p (online-video-cutter.com).mp4,YTDown_YouTube_dizzy-dizzier-dizziest_Media_mcGEEsjFmgY_001_720p (online-video-cutter.com).mp4,51,30,1.7,
dizzy,dizzy/YTDown_YouTube_Dizzy-in-ASL-REG-EOFLISWL_Media_1aHVZEvTVus_001_720p (online-video-cutter.com).mp4,YTDown_YouTube_Dizzy-in-ASL-REG-EOFLISWL_Media_1aHVZEvTVus_001_720p (online-video-cutter.com).mp4,43,30,1.43333,
dizzy,dizzy/YTDown_YouTube_dizzy-in-ASL_Media_P9tibj4VQk8_001_1080p.mp4,YTDown_YouTube_dizzy-in-ASL_Media_P9tibj4VQk8_001_1080p.mp4,120,60,2,
dizzy,dizzy/YTDown_YouTube_dizzy-woozy-reel-daze-disoriented-lighth_Media_ZvDL60Pyt_A_001_480p.mp4,YTDown_YouTube_dizzy-woozy-reel-daze-disoriented-lighth_Media_ZvDL60Pyt_A_001_480p.mp4,106,29.97,3.53687,
dizzy,dizzy/YTDown_YouTube_dizzy2-in-ASL_Media_g0XWPsYnlP4_001_1080p (online-video-cutter.com).mp4,YTDown_YouTube_dizzy2-in-ASL_Media_g0XWPsYnlP4_001_1080p (online-video-cutter.com).mp4,180,60,3,
dizzy,dizzy/YTDown_YouTube_DIZZY_Media_MCUnZmA2Q-Y_001_480p.mp4,YTDown_YouTube_DIZZY_Media_MCUnZmA2Q-Y_001_480p.mp4,54,14.985,3.6036,
dizzy,dizzy/YTDown_YouTube_Do-you-feel-dizzy-you_Media_kWgtdEjQFpk_001_1080p (1).mp4,YTDown_YouTube_Do-you-feel-dizzy-you_Media_kWgtdEjQFpk_001_1080p (1).mp4,30,29.97,1.001,
dizzy,dizzy/YTDown_YouTube_Feel-Dizzy-ASL_Media_8s1_cqNWkS8_001_720p (online-video-cutter.com).mp4,YTDown_YouTube_Feel-Dizzy-ASL_Media_8s1_cqNWkS8_001_720p (online-video-cutter.com).mp4,48,29.97,1.6016,
dizzy,dizzy/YTDown_YouTube_I-STAND-UP-HIT-DIZZY-WHY_Media_8vYE6XcDqIs_001_1080p (online-video-cutter.com).mp4,YTDown_YouTube_I-STAND-UP-HIT-DIZZY-WHY_Media_8vYE6XcDqIs_001_1080p (online-video-cutter.com).mp4,26,29.97,0.867533,
dizzy,dizzy/YTDown_YouTube_Learn-How-to-Sign-the-Word-Dizzy_Media_WHh6GtyxdyU_001_720p (online-video-cutter.com).mp4,YTDown_YouTube_Learn-How-to-Sign-the-Word-Dizzy_Media_WHh6GtyxdyU_001_720p (online-video-cutter.com).mp4,71,23.976,2.96129,
dizzy,dizzy/YTDown_YouTube_LEARN-TO-SIGN-DIZZY-ASL_Media_WSN8dl27kMQ_001_480p.mp4,YTDown_YouTube_LEARN-TO-SIGN-DIZZY-ASL_Media_WSN8dl27kMQ_001_480p.mp4,99,30,3.3,
dont_understand,dont_understand/01_dontunderstand_elementalasl.mp4,01_dontunderstand_elementalasl.mp4,104,24,4.33333,
dont_understand,dont_understand/02_dontunderstand_scottspethman.mp4,02_dontunderstand_scottspethman.mp4,104,29.917,3.47628,
dont_understand,dont_understand/03_idontunderstand_startasl_1.mp4,03_idontunderstand_startasl_1.mp4,129,29.97,4.3043,
dont_understand,dont_understand/04_idontunderstand_startasl_2.mp4,04_idontunderstand_startasl_2.mp4,129,29.97,4.3043,
dont_understand,dont_understand/05_idontunderstand_aslstudy.mp4,05_idontunderstand_aslstudy.mp4,48,29.97,1.6016,
dont_understand,dont_understand/06_understand_signlanguagestudent.mp4,06_understand_signlanguagestudent.mp4,65,29.97,2.16883,
dont_understand,dont_understand/07_understand_aslsearch.mp4,07_understand_aslsearch.mp4,92,29.97,3.06974,
dont_understand,dont_understand/08_understand_signschool.mp4,08_understand_signschool.mp4,42,23.976,1.75175,
dont_understand,dont_understand/09_understand_scottspethman.mp4,09_understand_scottspethman.mp4,104,29.97,3.47013,
dont_understand,dont_understand/10_understand_aslbloom.mp4,10_understand_aslbloom.mp4,66,30,2.2,
dont_understand,dont_understand/11.mp4,11.mp4,69,29.97,2.3023,
dont_understand,dont_understand/12.mp4,12.mp4,105,29.97,3.5035,
dont_understand,dont_understand/13.mp4,13.mp4,83,30.0038,2.76631,
dont_understand,dont_understand/2026-07-07 13-27-36-trim-1783456128490.mp4,2026-07-07 13-27-36-trim-1783456128490.mp4,90,30.0069,2.99931,
dont_understand,dont_understand/2026-07-07 13-27-36-trim-1783456143542.mp4,2026-07-07 13-27-36-trim-1783456143542.mp4,105,30.0059,3.49931,
dont_understand,dont_understand/2026-07-07 13-27-36-trim-1783456152818.mp4,2026-07-07 13-27-36-trim-1783456152818.mp4,72,30.0086,2.39931,
dont_understand,dont_understand/2026-07-07 13-27-36-trim-1783456164361.mp4,2026-07-07 13-27-36-trim-1783456164361.mp4,78,30.0079,2.59931,
dont_understand,dont_understand/2026-07-07 13-27-36-trim-1783456197715.mp4,2026-07-07 13-27-36-trim-1783456197715.mp4,93,30.0067,3.09931,
dont_understand,dont_understand/2026-07-07 13-27-36-trim-1783456212312.mp4,2026-07-07 13-27-36-trim-1783456212312.mp4,104,30.0031,3.46631,
dont_understand,dont_understand/2026-07-07 13-27-36-trim-1783456231906.mp4,2026-07-07 13-27-36-trim-1783456231906.mp4,124,30.0002,4.13331,
dont_understand,dont_understand/2026-07-07 13-27-36-trim-1783456250464.mp4,2026-07-07 13-27-36-trim-1783456250464.mp4,76,30.0002,2.53331,
dont_understand,dont_understand/dontunderstand-trim-1783405828980.mp4,dontunderstand-trim-1783405828980.mp4,81,30.0076,2.69931,
dont_understand,dont_understand/dontunderstand-trim-1783405851628.mp4,dontunderstand-trim-1783405851628.mp4,87,30.0071,2.89931,
dont_understand,dont_understand/dontunderstand-trim-1783405866801.mp4,dontunderstand-trim-1783405866801.mp4,84,30.0074,2.79931,
dont_understand,dont_understand/dontunderstand-trim-1783455915506.mp4,dontunderstand-trim-1783455915506.mp4,83,30.0038,2.76631,
dont_understand,dont_understand/dontunderstand-trim-1783455929331.mp4,dontunderstand-trim-1783455929331.mp4,104,30.0031,3.46631,
dont_understand,dont_understand/dontunderstand-trim-1783455942942.mp4,dontunderstand-trim-1783455942942.mp4,64,30.0003,2.13331,
dont_understand,dont_understand/dontunderstand-trim-1783455959814.mp4,dontunderstand-trim-1783455959814.mp4,69,30.009,2.29931,
dont_understand,dont_understand/dontunderstand-trim-1783455980866.mp4,dontunderstand-trim-1783455980866.mp4,77,30.0041,2.56631,
dont_understand,dont_understand/dontunderstand-trim-1783455996279.mp4,dontunderstand-trim-1783455996279.mp4,97,30.0002,3.23331,
fever,fever/01_fever_aslsearch_1.mp4,01_fever_aslsearch_1.mp4,88,29.97,2.93627,
fever,fever/02_fever_aslsearch_2.mp4,02_fever_aslsearch_2.mp4,88,29.97,2.93627,
fever,fever/03_fever_signschool.mp4,03_fever_signschool.mp4,105,29.97,3.5035,
fever,fever/04_fever_aslstudy.mp4,04_fever_aslstudy.mp4,60,29.97,2.002,
fever,fever/05_fever_smartsign.mp4,05_fever_smartsign.mp4,160,29.97,5.33867,
fever,fever/06_fever_aslbloom.mp4,06_fever_aslbloom.mp4,87,30,2.9,
fever,fever/7.mp4,7.mp4,64,60,1.06667,
fever,fever/fever-trim-1783484335638.mp4,fever-trim-1783484335638.mp4,87,30.0071,2.89931,
fever,fever/fever-trim-1783484358080.mp4,fever-trim-1783484358080.mp4,115,30.0002,3.83331,
fever,fever/fever-trim-1783484425364.mp4,fever-trim-1783484425364.mp4,64,30.0003,2.13331,
fever,fever/fever-trim-1783484445551.mp4,fever-trim-1783484445551.mp4,94,30.0002,3.13331,
fever,fever/fever-trim-1783484465723.mp4,fever-trim-1783484465723.mp4,83,30.0038,2.76631,
fever,fever/fever-trim-1783484486230.mp4,fever-trim-1783484486230.mp4,110,30.0029,3.66631,
fever,fever/fever-trim-1783484506234.mp4,fever-trim-1783484506234.mp4,105,30.0059,3.49931,
fever,fever/fever-trim-1783484574720.mp4,fever-trim-1783484574720.mp4,75,30.0083,2.49931,
fever,fever/fever-trim-1783484651113.mp4,fever-trim-1783484651113.mp4,109,30.0002,3.63331,
fever,fever/fever-trim-1783484661380.mp4,fever-trim-1783484661380.mp4,64,30.0003,2.13331,
fever,fever/fever-trim-1783484674644.mp4,fever-trim-1783484674644.mp4,101,30.0032,3.36631,
fever,fever/fever-trim-1783484717524.mp4,fever-trim-1783484717524.mp4,74,30.0043,2.46631,
fever,fever/fever-trim-1783484734324.mp4,fever-trim-1783484734324.mp4,118,30.0002,3.93331,
fever,fever/fever-trim-1783484807158.mp4,fever-trim-1783484807158.mp4,119,30.0027,3.96631,
fever,fever/fever-trim-1783484841147.mp4,fever-trim-1783484841147.mp4,91,30.0002,3.03331,
fever,fever/fever-trim-1783484864602.mp4,fever-trim-1783484864602.mp4,125,30.0026,4.16631,
fever,fever/fever-trim-1783484876389.mp4,fever-trim-1783484876389.mp4,103,30.0002,3.43331,
fever,fever/fever-trim-1783484889625.mp4,fever-trim-1783484889625.mp4,129,30.0048,4.29931,
fever,fever/fever-trim-1783484899148.mp4,fever-trim-1783484899148.mp4,92,30.0035,3.06631,
fever,fever/fever-trim-1783484908957.mp4,fever-trim-1783484908957.mp4,133,30.0001,4.43331,
fever,fever/fever-trim-1786012488845.mp4,fever-trim-1786012488845.mp4,113,29.9949,3.76731,
fever,fever/fever-trim-1786012499275.mp4,fever-trim-1786012499275.mp4,62,29.9906,2.06731,
fever,fever/fever-trim-1786012518547.mp4,fever-trim-1786012518547.mp4,118,30.0002,3.93331,
head,head/1661342123.mp4,1661342123.mp4,56,29.97,1.86853,
head,head/30884.mp4,30884.mp4,113,59.94,1.88522,
head,head/7SthclH0kHU.mp4,7SthclH0kHU.mp4,88,29.97,2.93627,
head,head/auto_head_.mp4,auto_head_.mp4,91,29.97,3.03637,
head,head/DINkbgdlodM.mp4,DINkbgdlodM.mp4,39,23.976,1.62662,
head,head/Hands_Hear[59s].mp4,Hands_Hear[59s].mp4,77,30,2.56667,
head,head/head (1).mp4,head (1).mp4,79,29.97,2.63597,
head,head/head (2).mp4,head (2).mp4,79,29.97,2.63597,
head,head/head (3).mp4,head (3).mp4,71,30,2.36667,
head,head/head (4).mp4,head (4).mp4,72,25,2.88,
head,head/head.mp4,head.mp4,101,29.97,3.37003,
head,head/YTDown_Shorts_Head-asl-americansignlanguage-signlangua_Media_RxQoRl300g0_001_1080p (online-video-cutter.com) (1).mp4,YTDown_Shorts_Head-asl-americansignlanguage-signlangua_Media_RxQoRl300g0_001_1080p (online-video-cutter.com) (1).mp4,41,30,1.36667,
head,head/YTDown_Shorts_Head-asl-americansignlanguage-signlangua_Media_RxQoRl300g0_001_1080p (online-video-cutter.com) (2).mp4,YTDown_Shorts_Head-asl-americansignlanguage-signlangua_Media_RxQoRl300g0_001_1080p (online-video-cutter.com) (2).mp4,66,30,2.2,
head,head/YTDown_Shorts_Head-asl-americansignlanguage-signlangua_Media_RxQoRl300g0_001_1080p (online-video-cutter.com) (3).mp4,YTDown_Shorts_Head-asl-americansignlanguage-signlangua_Media_RxQoRl300g0_001_1080p (online-video-cutter.com) (3).mp4,92,30,3.06667,
head,head/YTDown_Shorts_Head-asl-americansignlanguage-signlangua_Media_RxQoRl300g0_001_1080p (online-video-cutter.com) (4).mp4,YTDown_Shorts_Head-asl-americansignlanguage-signlangua_Media_RxQoRl300g0_001_1080p (online-video-cutter.com) (4).mp4,48,30,1.6,
head,head/YTDown_Shorts_Head-asl-americansignlanguage-signlangua_Media_RxQoRl300g0_001_1080p (online-video-cutter.com).mp4,YTDown_Shorts_Head-asl-americansignlanguage-signlangua_Media_RxQoRl300g0_001_1080p (online-video-cutter.com).mp4,47,30,1.56667,
head,head/YTDown_Shorts_Head-Signs-Head-Let-s-learn-ASL-randydig_Media_QO--ALSWOg8_001_720p (online-video-cutter.com) (1).mp4,YTDown_Shorts_Head-Signs-Head-Let-s-learn-ASL-randydig_Media_QO--ALSWOg8_001_720p (online-video-cutter.com) (1).mp4,63,30,2.1,
head,head/YTDown_Shorts_Head-Signs-Head-Let-s-learn-ASL-randydig_Media_QO--ALSWOg8_001_720p (online-video-cutter.com) (2).mp4,YTDown_Shorts_Head-Signs-Head-Let-s-learn-ASL-randydig_Media_QO--ALSWOg8_001_720p (online-video-cutter.com) (2).mp4,91,30,3.03333,
head,head/YTDown_Shorts_Head-Signs-Head-Let-s-learn-ASL-randydig_Media_QO--ALSWOg8_001_720p (online-video-cutter.com) (3).mp4,YTDown_Shorts_Head-Signs-Head-Let-s-learn-ASL-randydig_Media_QO--ALSWOg8_001_720p (online-video-cutter.com) (3).mp4,51,30,1.7,
head,head/YTDown_Shorts_Head-Signs-Head-Let-s-learn-ASL-randydig_Media_QO--ALSWOg8_001_720p (online-video-cutter.com).mp4,YTDown_Shorts_Head-Signs-Head-Let-s-learn-ASL-randydig_Media_QO--ALSWOg8_001_720p (online-video-cutter.com).mp4,54,30,1.8,
head,head/YTDown_YouTube_head-in-ASL_Media_9CQcSjlSHpI_001_1080p (online-video-cutter.com) (1).mp4,YTDown_YouTube_head-in-ASL_Media_9CQcSjlSHpI_001_1080p (online-video-cutter.com) (1).mp4,115,60,1.91667,
head,head/YTDown_YouTube_head-in-ASL_Media_9CQcSjlSHpI_001_1080p (online-video-cutter.com).mp4,YTDown_YouTube_head-in-ASL_Media_9CQcSjlSHpI_001_1080p (online-video-cutter.com).mp4,123,60,2.05,
head,head/YTDown_YouTube_HEAD_Media_9HK6J9Hbt8o_001_1080p.mp4,YTDown_YouTube_HEAD_Media_9HK6J9Hbt8o_001_1080p.mp4,71,29.97,2.36903,
head,head/YTDown_YouTube_Head_Media_a69x0TbgiRU_001_1080p (online-video-cutter.com) (1).mp4,YTDown_YouTube_Head_Media_a69x0TbgiRU_001_1080p (online-video-cutter.com) (1).mp4,87,29.97,2.9029,
head,head/YTDown_YouTube_Head_Media_a69x0TbgiRU_001_1080p (online-video-cutter.com) (2).mp4,YTDown_YouTube_Head_Media_a69x0TbgiRU_001_1080p (online-video-cutter.com) (2).mp4,70,29.97,2.33567,
head,head/YTDown_YouTube_Head_Media_a69x0TbgiRU_001_1080p (online-video-cutter.com).mp4,YTDown_YouTube_Head_Media_a69x0TbgiRU_001_1080p (online-video-cutter.com).mp4,87,29.97,2.9029,
head,head/YTDown_YouTube_HEAD_Media_MXItRFjU1SQ_001_1080p.mp4,YTDown_YouTube_HEAD_Media_MXItRFjU1SQ_001_1080p.mp4,71,29.97,2.36903,
head,head/YTDown_YouTube_hit-head-hit-her-own-head-bump-head-ASL_Media_HV9FVSvxMQU_001_240p (online-video-cutter.com).mp4,YTDown_YouTube_hit-head-hit-her-own-head-bump-head-ASL_Media_HV9FVSvxMQU_001_240p (online-video-cutter.com).mp4,80,29.7395,2.69003,
head,head/YTDown_YouTube_How-To-Sign-HEAD-ASL-Word-Of-The-Day-Wor_Media_MYm2vzBwbMQ_001_1080p (online-video-cutter.com) (1).mp4,YTDown_YouTube_How-To-Sign-HEAD-ASL-Word-Of-The-Day-Wor_Media_MYm2vzBwbMQ_001_1080p (online-video-cutter.com) (1).mp4,93,29.97,3.1031,
head,head/YTDown_YouTube_How-To-Sign-HEAD-ASL-Word-Of-The-Day-Wor_Media_MYm2vzBwbMQ_001_1080p (online-video-cutter.com) (2).mp4,YTDown_YouTube_How-To-Sign-HEAD-ASL-Word-Of-The-Day-Wor_Media_MYm2vzBwbMQ_001_1080p (online-video-cutter.com) (2).mp4,67,29.97,2.23557,
head,head/YTDown_YouTube_How-To-Sign-HEAD-ASL-Word-Of-The-Day-Wor_Media_MYm2vzBwbMQ_001_1080p (online-video-cutter.com).mp4,YTDown_YouTube_How-To-Sign-HEAD-ASL-Word-Of-The-Day-Wor_Media_MYm2vzBwbMQ_001_1080p (online-video-cutter.com).mp4,88,29.97,2.93627,
head,head/YTDown_YouTube_Learn-How-to-Sign-the-Word-Head_Media_JoMsp7g1ARc_001_720p (online-video-cutter.com).mp4,YTDown_YouTube_Learn-How-to-Sign-the-Word-Head_Media_JoMsp7g1ARc_001_720p (online-video-cutter.com).mp4,72,23.976,3.003,
help,help/01_help_startasl.mp4,01_help_startasl.mp4,71,29.97,2.36904,
help,help/02_help_aslsignbank_1.mp4,02_help_aslsignbank_1.mp4,62,23.9761,2.58591,
help,help/03_help_aslsignbank_2.mp4,03_help_aslsignbank_2.mp4,59,23.9761,2.46079,
help,help/04_help_aslsignbank_3.mp4,04_help_aslsignbank_3.mp4,59,23.9761,2.46079,
help,help/05_help_aslsignbank_philly.mp4,05_help_aslsignbank_philly.mp4,68,29.97,2.26893,
help,help/06_assist_aslsignbank.mp4,06_assist_aslsignbank.mp4,55,23.9761,2.29396,
help,help/07_help_aslsearch.mp4,07_help_aslsearch.mp4,77,29.97,2.56924,
help,help/08_help_elementalasl.mp4,08_help_elementalasl.mp4,85,24,3.54167,
help,help/09_help_aslbricks.mp4,09_help_aslbricks.mp4,75,29.97,2.5025,
help,help/10_help_aslstudy_1.mp4,10_help_aslstudy_1.mp4,48,29.97,1.6016,
help,help/11_help_aslstudy_2.mp4,11_help_aslstudy_2.mp4,29,15.308,1.89443,
help,help/12_help_aslstudy_3.mp4,12_help_aslstudy_3.mp4,51,29.97,1.7017,
help,help/13_help_mariekatzenbach_1.mp4,13_help_mariekatzenbach_1.mp4,83,30,2.76667,
help,help/14_help_mariekatzenbach_2.mp4,14_help_mariekatzenbach_2.mp4,88,30,2.93333,
help,help/15_help_aslkids.mp4,15_help_aslkids.mp4,59,25,2.36,
help,help/16_helpme_aslsearch.mp4,16_helpme_aslsearch.mp4,84,29.97,2.8028,
help,help/17_helpme_vl2.mp4,17_helpme_vl2.mp4,111,29.97,3.7037,
help,help/18_helpyou_vl2.mp4,18_helpyou_vl2.mp4,84,29.97,2.8028,
help,help/19_aid_signlanguagestudent.mp4,19_aid_signlanguagestudent.mp4,120,29.97,4.004,
help,help/20_aid_aslsearch.mp4,20_aid_aslsearch.mp4,77,29.97,2.56924,
help,help/21_aid_smartsign.mp4,21_aid_smartsign.mp4,106,29.97,3.53687,
help,help/22_assist_aslsearch.mp4,22_assist_aslsearch.mp4,76,29.97,2.53587,
help,help/23_assist_smartsign.mp4,23_assist_smartsign.mp4,106,29.97,3.53687,
help,help/help-trim-1783456835322.mp4,help-trim-1783456835322.mp4,83,30.0038,2.76631,
help,help/help-trim-1783456851562.mp4,help-trim-1783456851562.mp4,113,30.0028,3.76631,
help,help/help-trim-1783456878122.mp4,help-trim-1783456878122.mp4,67,30.0003,2.23331,
help,help/help-trim-1783456888867.mp4,help-trim-1783456888867.mp4,76,30.0002,2.53331,
help,help/help-trim-1783456903649.mp4,help-trim-1783456903649.mp4,88,30.0002,2.93331,
help,help/help-trim-1783456913635.mp4,help-trim-1783456913635.mp4,99,30.0063,3.29931,
help,help/help-trim-1783456935806.mp4,help-trim-1783456935806.mp4,119,30.0027,3.96631,
help,help/help-trim-1783456948631.mp4,help-trim-1783456948631.mp4,70,30.0003,2.33331,
here,here/1661380195.mp4,1661380195.mp4,66,29.97,2.2022,
here,here/34736.mp4,34736.mp4,75,29.97,2.5025,
here,here/here (1).mp4,here (1).mp4,95,29.97,3.16983,
here,here/here (2).mp4,here (2).mp4,76,29.97,2.53587,
here,here/here (3).mp4,here (3).mp4,96,24,4,
here,here/here (4).mp4,here (4).mp4,90,29.97,3.003,
here,here/HERE-484.mp4,HERE-484.mp4,59,23.9761,2.46079,
here,here/here.mp4,here.mp4,88,29.97,2.93627,
here,here/YTDown_Shorts_ASL-sign-HERE_Media_k-1G-yql_Ds_001_480p.mp4,YTDown_Shorts_ASL-sign-HERE_Media_k-1G-yql_Ds_001_480p.mp4,124,30,4.13333,
here,here/YTDown_Shorts_Here-asl-americansignlanguage-signlangua_Media_oDaYHXLs4Fg_001_1080p (online-video-cutter.com) (1).mp4,YTDown_Shorts_Here-asl-americansignlanguage-signlangua_Media_oDaYHXLs4Fg_001_1080p (online-video-cutter.com) (1).mp4,85,30,2.83333,
here,here/YTDown_Shorts_Here-asl-americansignlanguage-signlangua_Media_oDaYHXLs4Fg_001_1080p (online-video-cutter.com) (2).mp4,YTDown_Shorts_Here-asl-americansignlanguage-signlangua_Media_oDaYHXLs4Fg_001_1080p (online-video-cutter.com) (2).mp4,49,30,1.63333,
here,here/YTDown_Shorts_Here-asl-americansignlanguage-signlangua_Media_oDaYHXLs4Fg_001_1080p (online-video-cutter.com).mp4,YTDown_Shorts_Here-asl-americansignlanguage-signlangua_Media_oDaYHXLs4Fg_001_1080p (online-video-cutter.com).mp4,85,30,2.83333,
here,here/YTDown_Shorts_How-to-sign-here-and-there-in-asl_Media_5Jd4Edgw9GM_001_1080p (online-video-cutter.com) (1).mp4,YTDown_Shorts_How-to-sign-here-and-there-in-asl_Media_5Jd4Edgw9GM_001_1080p (online-video-cutter.com) (1).mp4,73,30,2.43333,
here,here/YTDown_Shorts_How-to-sign-here-and-there-in-asl_Media_5Jd4Edgw9GM_001_1080p (online-video-cutter.com).mp4,YTDown_Shorts_How-to-sign-here-and-there-in-asl_Media_5Jd4Edgw9GM_001_1080p (online-video-cutter.com).mp4,27,30,0.9,
here,here/YTDown_Shorts_Learn-ASL-Here-asl-americansignlanguage-_Media_gIjbCJW7f0U_001_1080p (online-video-cutter.com) (1).mp4,YTDown_Shorts_Learn-ASL-Here-asl-americansignlanguage-_Media_gIjbCJW7f0U_001_1080p (online-video-cutter.com) (1).mp4,91,30,3.03333,
here,here/YTDown_Shorts_Learn-ASL-Here-asl-americansignlanguage-_Media_gIjbCJW7f0U_001_1080p (online-video-cutter.com) (2).mp4,YTDown_Shorts_Learn-ASL-Here-asl-americansignlanguage-_Media_gIjbCJW7f0U_001_1080p (online-video-cutter.com) (2).mp4,75,30,2.5,
here,here/YTDown_Shorts_Learn-ASL-Here-asl-americansignlanguage-_Media_gIjbCJW7f0U_001_1080p (online-video-cutter.com) (3).mp4,YTDown_Shorts_Learn-ASL-Here-asl-americansignlanguage-_Media_gIjbCJW7f0U_001_1080p (online-video-cutter.com) (3).mp4,89,30,2.96667,
here,here/YTDown_Shorts_Learn-ASL-Here-asl-americansignlanguage-_Media_gIjbCJW7f0U_001_1080p (online-video-cutter.com) (4).mp4,YTDown_Shorts_Learn-ASL-Here-asl-americansignlanguage-_Media_gIjbCJW7f0U_001_1080p (online-video-cutter.com) (4).mp4,61,30,2.03333,
here,here/YTDown_Shorts_Learn-ASL-Here-asl-americansignlanguage-_Media_gIjbCJW7f0U_001_1080p (online-video-cutter.com).mp4,YTDown_Shorts_Learn-ASL-Here-asl-americansignlanguage-_Media_gIjbCJW7f0U_001_1080p (online-video-cutter.com).mp4,78,30,2.6,
here,here/YTDown_Shorts_Sign-HERE-ASL_Media_YEFR5nm_wQk_001_720p.mp4,YTDown_Shorts_Sign-HERE-ASL_Media_YEFR5nm_wQk_001_720p.mp4,195,59.9401,3.25325,
here,here/YTDown_YouTube_here-in-ASL_Media_FJwETKTV25U_001_1080p (online-video-cutter.com).mp4,YTDown_YouTube_here-in-ASL_Media_FJwETKTV25U_001_1080p (online-video-cutter.com).mp4,180,60,3,
here,here/YTDown_YouTube_HERE_Media_2dALbgMQWmk_001_1080p (online-video-cutter.com).mp4,YTDown_YouTube_HERE_Media_2dALbgMQWmk_001_1080p (online-video-cutter.com).mp4,90,30,3,
here,here/YTDown_YouTube_How-To-Sign-HERE-ASL-Word-Of-The-Day-Wor_Media_iotxFtaj_9k_001_1080p (online-video-cutter.com) (1).mp4,YTDown_YouTube_How-To-Sign-HERE-ASL-Word-Of-The-Day-Wor_Media_iotxFtaj_9k_001_1080p (online-video-cutter.com) (1).mp4,84,29.97,2.8028,
here,here/YTDown_YouTube_How-To-Sign-HERE-ASL-Word-Of-The-Day-Wor_Media_iotxFtaj_9k_001_1080p (online-video-cutter.com) (2).mp4,YTDown_YouTube_How-To-Sign-HERE-ASL-Word-Of-The-Day-Wor_Media_iotxFtaj_9k_001_1080p (online-video-cutter.com) (2).mp4,36,29.97,1.2012,
here,here/YTDown_YouTube_How-To-Sign-HERE-ASL-Word-Of-The-Day-Wor_Media_iotxFtaj_9k_001_1080p (online-video-cutter.com) (3).mp4,YTDown_YouTube_How-To-Sign-HERE-ASL-Word-Of-The-Day-Wor_Media_iotxFtaj_9k_001_1080p (online-video-cutter.com) (3).mp4,36,29.97,1.2012,
here,here/YTDown_YouTube_How-To-Sign-HERE-ASL-Word-Of-The-Day-Wor_Media_iotxFtaj_9k_001_1080p (online-video-cutter.com).mp4,YTDown_YouTube_How-To-Sign-HERE-ASL-Word-Of-The-Day-Wor_Media_iotxFtaj_9k_001_1080p (online-video-cutter.com).mp4,84,29.97,2.8028,
here,here/YTDown_YouTube_How-To-Sign-HERE-in-ASL-American-Sign-La_Media_QgQMPoLvCqQ_001_1080p (online-video-cutter.com) (1).mp4,YTDown_YouTube_How-To-Sign-HERE-in-ASL-American-Sign-La_Media_QgQMPoLvCqQ_001_1080p (online-video-cutter.com) (1).mp4,59,25,2.36,
here,here/YTDown_YouTube_How-To-Sign-HERE-in-ASL-American-Sign-La_Media_QgQMPoLvCqQ_001_1080p (online-video-cutter.com) (10).mp4,YTDown_YouTube_How-To-Sign-HERE-in-ASL-American-Sign-La_Media_QgQMPoLvCqQ_001_1080p (online-video-cutter.com) (10).mp4,48,25,1.92,
here,here/YTDown_YouTube_How-To-Sign-HERE-in-ASL-American-Sign-La_Media_QgQMPoLvCqQ_001_1080p (online-video-cutter.com) (11).mp4,YTDown_YouTube_How-To-Sign-HERE-in-ASL-American-Sign-La_Media_QgQMPoLvCqQ_001_1080p (online-video-cutter.com) (11).mp4,48,25,1.92,
here,here/YTDown_YouTube_How-To-Sign-HERE-in-ASL-American-Sign-La_Media_QgQMPoLvCqQ_001_1080p (online-video-cutter.com) (12).mp4,YTDown_YouTube_How-To-Sign-HERE-in-ASL-American-Sign-La_Media_QgQMPoLvCqQ_001_1080p (online-video-cutter.com) (12).mp4,58,25,2.32,
here,here/YTDown_YouTube_How-To-Sign-HERE-in-ASL-American-Sign-La_Media_QgQMPoLvCqQ_001_1080p (online-video-cutter.com) (13).mp4,YTDown_YouTube_How-To-Sign-HERE-in-ASL-American-Sign-La_Media_QgQMPoLvCqQ_001_1080p (online-video-cutter.com) (13).mp4,58,25,2.32,
here,here/YTDown_YouTube_How-To-Sign-HERE-in-ASL-American-Sign-La_Media_QgQMPoLvCqQ_001_1080p (online-video-cutter.com) (2).mp4,YTDown_YouTube_How-To-Sign-HERE-in-ASL-American-Sign-La_Media_QgQMPoLvCqQ_001_1080p (online-video-cutter.com) (2).mp4,59,25,2.36,
here,here/YTDown_YouTube_How-To-Sign-HERE-in-ASL-American-Sign-La_Media_QgQMPoLvCqQ_001_1080p (online-video-cutter.com) (3).mp4,YTDown_YouTube_How-To-Sign-HERE-in-ASL-American-Sign-La_Media_QgQMPoLvCqQ_001_1080p (online-video-cutter.com) (3).mp4,50,25,2,
here,here/YTDown_YouTube_How-To-Sign-HERE-in-ASL-American-Sign-La_Media_QgQMPoLvCqQ_001_1080p (online-video-cutter.com) (4).mp4,YTDown_YouTube_How-To-Sign-HERE-in-ASL-American-Sign-La_Media_QgQMPoLvCqQ_001_1080p (online-video-cutter.com) (4).mp4,56,25,2.24,
here,here/YTDown_YouTube_How-To-Sign-HERE-in-ASL-American-Sign-La_Media_QgQMPoLvCqQ_001_1080p (online-video-cutter.com) (5).mp4,YTDown_YouTube_How-To-Sign-HERE-in-ASL-American-Sign-La_Media_QgQMPoLvCqQ_001_1080p (online-video-cutter.com) (5).mp4,56,25,2.24,
here,here/YTDown_YouTube_How-To-Sign-HERE-in-ASL-American-Sign-La_Media_QgQMPoLvCqQ_001_1080p (online-video-cutter.com) (6).mp4,YTDown_YouTube_How-To-Sign-HERE-in-ASL-American-Sign-La_Media_QgQMPoLvCqQ_001_1080p (online-video-cutter.com) (6).mp4,56,25,2.24,
here,here/YTDown_YouTube_How-To-Sign-HERE-in-ASL-American-Sign-La_Media_QgQMPoLvCqQ_001_1080p (online-video-cutter.com) (7).mp4,YTDown_YouTube_How-To-Sign-HERE-in-ASL-American-Sign-La_Media_QgQMPoLvCqQ_001_1080p (online-video-cutter.com) (7).mp4,56,25,2.24,
here,here/YTDown_YouTube_How-To-Sign-HERE-in-ASL-American-Sign-La_Media_QgQMPoLvCqQ_001_1080p (online-video-cutter.com) (8).mp4,YTDown_YouTube_How-To-Sign-HERE-in-ASL-American-Sign-La_Media_QgQMPoLvCqQ_001_1080p (online-video-cutter.com) (8).mp4,65,25,2.6,
here,here/YTDown_YouTube_How-To-Sign-HERE-in-ASL-American-Sign-La_Media_QgQMPoLvCqQ_001_1080p (online-video-cutter.com) (9).mp4,YTDown_YouTube_How-To-Sign-HERE-in-ASL-American-Sign-La_Media_QgQMPoLvCqQ_001_1080p (online-video-cutter.com) (9).mp4,65,25,2.6,
here,here/YTDown_YouTube_How-To-Sign-HERE-in-ASL-American-Sign-La_Media_QgQMPoLvCqQ_001_1080p (online-video-cutter.com).mp4,YTDown_YouTube_How-To-Sign-HERE-in-ASL-American-Sign-La_Media_QgQMPoLvCqQ_001_1080p (online-video-cutter.com).mp4,59,25,2.36,
i_me,i_me/1.mp4,1.mp4,64,29.3824,2.17818,
i_me,i_me/10.mp4,10.mp4,67,30.0003,2.23331,
i_me,i_me/11.mp4,11.mp4,68,29.97,2.26893,
i_me,i_me/12.mp4,12.mp4,57,29.97,1.9019,
i_me,i_me/13.mp4,13.mp4,22,23.976,0.917583,
i_me,i_me/14.mp4,14.mp4,107,29.97,3.57023,
i_me,i_me/15.mp4,15.mp4,74,29.97,2.46913,
i_me,i_me/16.mp4,16.mp4,35,15.373,2.27672,
i_me,i_me/17.mp4,17.mp4,109,29.97,3.63697,
i_me,i_me/18.mp4,18.mp4,59,29.97,1.96863,
i_me,i_me/19.mov,19.mov,35,30,1.16667,
i_me,i_me/2.mp4,2.mp4,77,30.0041,2.56631,
i_me,i_me/20.mov,20.mov,37,30,1.23333,
i_me,i_me/21.mp4,21.mp4,66,30.0094,2.19931,
i_me,i_me/22.mp4,22.mp4,79,30.0002,2.63331,
i_me,i_me/3.mp4,3.mp4,47,23.9761,1.96029,
i_me,i_me/4.mp4,4.mp4,69,29.97,2.3023,
i_me,i_me/5.mp4,5.mp4,68,29.97,2.26894,
i_me,i_me/6.mp4,6.mp4,47,23.9761,1.96029,
i_me,i_me/7.mp4,7.mp4,88,29.97,2.93627,
i_me,i_me/8.mp4,8.mp4,206,29.971,6.87331,
i_me,i_me/9.mkv,9.mkv,73,29.97,2.43577,
i_me,i_me/ime-trim-1783457042152.mp4,ime-trim-1783457042152.mp4,67,30.0003,2.23331,
i_me,i_me/ime-trim-1783457059592.mp4,ime-trim-1783457059592.mp4,118,30.0002,3.93331,
i_me,i_me/ime-trim-1783459065089.mp4,ime-trim-1783459065089.mp4,110,30.0029,3.66631,
i_me,i_me/ime-trim-1783459118731.mp4,ime-trim-1783459118731.mp4,119,30.0027,3.96631,
i_me,i_me/ime-trim-1783459129887.mp4,ime-trim-1783459129887.mp4,62,30.0051,2.06631,
i_me,i_me/ime-trim-1783459147082.mp4,ime-trim-1783459147082.mp4,63,30.0098,2.09931,
i_me,i_me/ime-trim-1783459159390.mp4,ime-trim-1783459159390.mp4,68,30.0047,2.26631,
i_me,i_me/ime-trim-1783459174301.mp4,ime-trim-1783459174301.mp4,67,30.0003,2.23331,
left,left/1R16SfGmZgU.mp4,1R16SfGmZgU.mp4,38,23.976,1.58492,
left,left/22625.mp4,22625.mp4,34,29.97,1.13447,
left,left/Baby-Voucher[20m53s].mp4,Baby-Voucher[20m53s].mp4,73,30,2.43333,
left,left/left (1).mp4,left (1).mp4,77,33.3333,2.31,
left,left/LEFT-HAND-1683.mp4,LEFT-HAND-1683.mp4,45,23.9761,1.87687,
left,left/left.mp4,left.mp4,89,29.97,2.96964,
left,left/y_4-Nl_10Nc.mp4,y_4-Nl_10Nc.mp4,82,29.97,2.73607,
left,left/YTDown_Shorts_Left-v-s-right-americansignlanguage-sign_Media_K2Wh-VnKKTQ_001_1080p (1)(online-video-cutter.com).mp4,YTDown_Shorts_Left-v-s-right-americansignlanguage-sign_Media_K2Wh-VnKKTQ_001_1080p (1)(online-video-cutter.com).mp4,27,30,0.9,
left,left/YTDown_Shorts_Left-v-s-right-americansignlanguage-sign_Media_K2Wh-VnKKTQ_001_1080p (online-video-cutter.com) (1).mp4,YTDown_Shorts_Left-v-s-right-americansignlanguage-sign_Media_K2Wh-VnKKTQ_001_1080p (online-video-cutter.com) (1).mp4,90,30,3,
left,left/YTDown_Shorts_Left-v-s-right-americansignlanguage-sign_Media_K2Wh-VnKKTQ_001_1080p (online-video-cutter.com) (2).mp4,YTDown_Shorts_Left-v-s-right-americansignlanguage-sign_Media_K2Wh-VnKKTQ_001_1080p (online-video-cutter.com) (2).mp4,58,30,1.93333,
left,left/YTDown_Shorts_Left-v-s-right-americansignlanguage-sign_Media_K2Wh-VnKKTQ_001_1080p (online-video-cutter.com) (3).mp4,YTDown_Shorts_Left-v-s-right-americansignlanguage-sign_Media_K2Wh-VnKKTQ_001_1080p (online-video-cutter.com) (3).mp4,66,30,2.2,
left,left/YTDown_Shorts_Left-v-s-right-americansignlanguage-sign_Media_K2Wh-VnKKTQ_001_1080p (online-video-cutter.com) (4).mp4,YTDown_Shorts_Left-v-s-right-americansignlanguage-sign_Media_K2Wh-VnKKTQ_001_1080p (online-video-cutter.com) (4).mp4,53,30,1.76667,
left,left/YTDown_Shorts_Left-v-s-right-americansignlanguage-sign_Media_K2Wh-VnKKTQ_001_1080p (online-video-cutter.com) (5).mp4,YTDown_Shorts_Left-v-s-right-americansignlanguage-sign_Media_K2Wh-VnKKTQ_001_1080p (online-video-cutter.com) (5).mp4,84,30,2.8,
left,left/YTDown_Shorts_Left-v-s-right-americansignlanguage-sign_Media_K2Wh-VnKKTQ_001_1080p (online-video-cutter.com) (6).mp4,YTDown_Shorts_Left-v-s-right-americansignlanguage-sign_Media_K2Wh-VnKKTQ_001_1080p (online-video-cutter.com) (6).mp4,37,30,1.23333,
left,left/YTDown_Shorts_Left-v-s-right-americansignlanguage-sign_Media_K2Wh-VnKKTQ_001_1080p (online-video-cutter.com)(2).mp4,YTDown_Shorts_Left-v-s-right-americansignlanguage-sign_Media_K2Wh-VnKKTQ_001_1080p (online-video-cutter.com)(2).mp4,42,30,1.4,
left,left/YTDown_Shorts_Left-v-s-right-americansignlanguage-sign_Media_K2Wh-VnKKTQ_001_1080p (online-video-cutter.com)(4).mp4,YTDown_Shorts_Left-v-s-right-americansignlanguage-sign_Media_K2Wh-VnKKTQ_001_1080p (online-video-cutter.com)(4).mp4,77,30,2.56667,
left,left/YTDown_Shorts_Left-v-s-right-americansignlanguage-sign_Media_K2Wh-VnKKTQ_001_1080p (online-video-cutter.com)(7).mp4,YTDown_Shorts_Left-v-s-right-americansignlanguage-sign_Media_K2Wh-VnKKTQ_001_1080p (online-video-cutter.com)(7).mp4,32,30,1.06667,
left,left/YTDown_Shorts_Left-v-s-right-americansignlanguage-sign_Media_K2Wh-VnKKTQ_001_1080p (online-video-cutter.com)(9).mp4,YTDown_Shorts_Left-v-s-right-americansignlanguage-sign_Media_K2Wh-VnKKTQ_001_1080p (online-video-cutter.com)(9).mp4,40,30,1.33333,
left,left/YTDown_Shorts_Left-v-s-right-americansignlanguage-sign_Media_K2Wh-VnKKTQ_001_1080p (online-video-cutter.com).mp4,YTDown_Shorts_Left-v-s-right-americansignlanguage-sign_Media_K2Wh-VnKKTQ_001_1080p (online-video-cutter.com).mp4,32,30,1.06667,
left,left/YTDown_Shorts_Right-and-Left-in-ASL_Media_nSGuWufVtIU_001_360p (online-video-cutter.com)(1).mp4,YTDown_Shorts_Right-and-Left-in-ASL_Media_nSGuWufVtIU_001_360p (online-video-cutter.com)(1).mp4,27,30,0.9,
left,left/YTDown_Shorts_Right-and-Left-in-ASL_Media_nSGuWufVtIU_001_360p (online-video-cutter.com).mp4,YTDown_Shorts_Right-and-Left-in-ASL_Media_nSGuWufVtIU_001_360p (online-video-cutter.com).mp4,24,30,0.8,
left,left/YTDown_YouTube_ASL-Top-Bottom-Left-and-Right-Sign-Langu_Media_tI0opGWpL7U_001_720p (online-video-cutter.com) (1).mp4,YTDown_YouTube_ASL-Top-Bottom-Left-and-Right-Sign-Langu_Media_tI0opGWpL7U_001_720p (online-video-cutter.com) (1).mp4,78,29.97,2.6026,
left,left/YTDown_YouTube_ASL-Top-Bottom-Left-and-Right-Sign-Langu_Media_tI0opGWpL7U_001_720p (online-video-cutter.com) (2).mp4,YTDown_YouTube_ASL-Top-Bottom-Left-and-Right-Sign-Langu_Media_tI0opGWpL7U_001_720p (online-video-cutter.com) (2).mp4,69,29.97,2.3023,
left,left/YTDown_YouTube_ASL-Top-Bottom-Left-and-Right-Sign-Langu_Media_tI0opGWpL7U_001_720p (online-video-cutter.com).mp4,YTDown_YouTube_ASL-Top-Bottom-Left-and-Right-Sign-Langu_Media_tI0opGWpL7U_001_720p (online-video-cutter.com).mp4,69,29.97,2.3023,
left,left/YTDown_YouTube_Learn-How-to-Sign-the-Word-Left_Media_c8YAYwzYY-Y_001_720p (online-video-cutter.com).mp4,YTDown_YouTube_Learn-How-to-Sign-the-Word-Left_Media_c8YAYwzYY-Y_001_720p (online-video-cutter.com).mp4,43,23.976,1.79346,
left,left/YTDown_YouTube_left-direction-in-ASL_Media_lxLc51uyFzQ_001_1080p.mp4,YTDown_YouTube_left-direction-in-ASL_Media_lxLc51uyFzQ_001_1080p.mp4,233,60,3.88333,
left,left/YTDown_YouTube_LEFT-direction-left-hand-version_Media_67OgKuzwcMg_001_1080p.mp4,YTDown_YouTube_LEFT-direction-left-hand-version_Media_67OgKuzwcMg_001_1080p.mp4,61,29.97,2.03537,
left,left/YTDown_YouTube_left-direction_Media_tBXh9RPeKlI_001_1080p.mp4,YTDown_YouTube_left-direction_Media_tBXh9RPeKlI_001_1080p.mp4,79,29.97,2.63597,
left,left/YTDown_YouTube_Left-vs-Right-Hand-Using-Your-Dominant-H_Media_F-EgR7vtx9s_001_720p (online-video-cutter.com).mp4,YTDown_YouTube_Left-vs-Right-Hand-Using-Your-Dominant-H_Media_F-EgR7vtx9s_001_720p (online-video-cutter.com).mp4,20,30,0.666667,
left,left/YTDown_YouTube_Left_Media_UF4FKbEU8xs_001_1080p (online-video-cutter.com) (1).mp4,YTDown_YouTube_Left_Media_UF4FKbEU8xs_001_1080p (online-video-cutter.com) (1).mp4,52,29.97,1.73507,
left,left/YTDown_YouTube_Left_Media_UF4FKbEU8xs_001_1080p (online-video-cutter.com) (2).mp4,YTDown_YouTube_Left_Media_UF4FKbEU8xs_001_1080p (online-video-cutter.com) (2).mp4,78,29.97,2.6026,
left,left/YTDown_YouTube_Left_Media_UF4FKbEU8xs_001_1080p (online-video-cutter.com) (3).mp4,YTDown_YouTube_Left_Media_UF4FKbEU8xs_001_1080p (online-video-cutter.com) (3).mp4,54,29.97,1.8018,
left,left/YTDown_YouTube_Left_Media_UF4FKbEU8xs_001_1080p (online-video-cutter.com) (4).mp4,YTDown_YouTube_Left_Media_UF4FKbEU8xs_001_1080p (online-video-cutter.com) (4).mp4,54,29.97,1.8018,
left,left/YTDown_YouTube_Left_Media_UF4FKbEU8xs_001_1080p (online-video-cutter.com) (5).mp4,YTDown_YouTube_Left_Media_UF4FKbEU8xs_001_1080p (online-video-cutter.com) (5).mp4,52,29.97,1.73507,
left,left/YTDown_YouTube_Left_Media_UF4FKbEU8xs_001_1080p (online-video-cutter.com).mp4,YTDown_YouTube_Left_Media_UF4FKbEU8xs_001_1080p (online-video-cutter.com).mp4,52,29.97,1.73507,
leg,leg/ASL Leg/IMG_8451(1).mov,IMG_8451(1).mov,60,30.4054,1.97333,
leg,leg/ASL Leg/IMG_8451(10).mov,IMG_8451(10).mov,56,30.1616,1.85667,
leg,leg/ASL Leg/IMG_8451(11).mov,IMG_8451(11).mov,48,30.5732,1.57,
leg,leg/ASL Leg/IMG_8451(12).mov,IMG_8451(12).mov,59,30.491,1.935,
leg,leg/ASL Leg/IMG_8451(13).mov,IMG_8451(13).mov,60,30.4054,1.97333,
leg,leg/ASL Leg/IMG_8451(14).mov,IMG_8451(14).mov,57,30.4813,1.87,
leg,leg/ASL Leg/IMG_8451(15).mov,IMG_8451(15).mov,47,30.7525,1.52833,
leg,leg/ASL Leg/IMG_8451(16).mov,IMG_8451(16).mov,57,30.4813,1.87,
leg,leg/ASL Leg/IMG_8451(17).mov,IMG_8451(17).mov,65,30.1624,2.155,
leg,leg/ASL Leg/IMG_8451(18).mov,IMG_8451(18).mov,40,30.2648,1.32167,
leg,leg/ASL Leg/IMG_8451(19).mov,IMG_8451(19).mov,51,30.6921,1.66167,
leg,leg/ASL Leg/IMG_8451(2).MOV,IMG_8451(2).MOV,54,30.394,1.77667,
leg,leg/ASL Leg/IMG_8451(20).mov,IMG_8451(20).mov,59,30.491,1.935,
leg,leg/ASL Leg/IMG_8451(21).mov,IMG_8451(21).mov,83,30.0362,2.76333,
leg,leg/ASL Leg/IMG_8451(22).mov,IMG_8451(22).mov,66,30.3448,2.175,
leg,leg/ASL Leg/IMG_8451(23).mov,IMG_8451(23).mov,53,30.3725,1.745,
leg,leg/ASL Leg/IMG_8451(24).mov,IMG_8451(24).mov,47,30.7525,1.52833,
leg,leg/ASL Leg/IMG_8451(25).MOV,IMG_8451(25).MOV,63,30.1195,2.09167,
leg,leg/ASL Leg/IMG_8451(26).MOV,IMG_8451(26).MOV,63,30.3859,2.07333,
leg,leg/ASL Leg/IMG_8451(27).mov,IMG_8451(27).mov,58,30.156,1.92333,
leg,leg/ASL Leg/IMG_8451(28).mov,IMG_8451(28).mov,59,30.491,1.935,
leg,leg/ASL Leg/IMG_8451(29).mov,IMG_8451(29).mov,50,30.5188,1.63833,
leg,leg/ASL Leg/IMG_8451(3).mov,IMG_8451(3).mov,49,30.4348,1.61,
leg,leg/ASL Leg/IMG_8451(4).mov,IMG_8451(4).mov,57,30.4813,1.87,
leg,leg/ASL Leg/IMG_8451(5).mov,IMG_8451(5).mov,83,30.0362,2.76333,
leg,leg/ASL Leg/IMG_8451(6).mov,IMG_8451(6).mov,62,30.7438,2.01667,
leg,leg/ASL Leg/IMG_8451(7).mov,IMG_8451(7).mov,60,30.4826,1.96833,
leg,leg/ASL Leg/IMG_8451(8).mov,IMG_8451(8).mov,70,30.3249,2.30833,
leg,leg/ASL Leg/IMG_8451(9).mov,IMG_8451(9).mov,61,30.1483,2.02333,
leg,leg/ASL Leg/IMG_8451.MOV,IMG_8451.MOV,62,30.3178,2.045,
medicine,medicine/ASL Medicine/IMG_8453(1).MOV,IMG_8453(1).MOV,68,30.3571,2.24,
medicine,medicine/ASL Medicine/IMG_8453(10).MOV,IMG_8453(10).MOV,65,30.256,2.14833,
medicine,medicine/ASL Medicine/IMG_8453(11).MOV,IMG_8453(11).MOV,80,30.4183,2.63,
medicine,medicine/ASL Medicine/IMG_8453(12).MOV,IMG_8453(12).MOV,74,30.1835,2.45167,
medicine,medicine/ASL Medicine/IMG_8453(13).MOV,IMG_8453(13).MOV,72,30.4225,2.36667,
medicine,medicine/ASL Medicine/IMG_8453(14).MOV,IMG_8453(14).MOV,65,30.2091,2.15167,
medicine,medicine/ASL Medicine/IMG_8453(15).MOV,IMG_8453(15).MOV,65,30.4212,2.13667,
medicine,medicine/ASL Medicine/IMG_8453(16).MOV,IMG_8453(16).MOV,73,30.0824,2.42667,
medicine,medicine/ASL Medicine/IMG_8453(17).MOV,IMG_8453(17).MOV,64,30.72,2.08333,
medicine,medicine/ASL Medicine/IMG_8453(18).MOV,IMG_8453(18).MOV,65,30.1624,2.155,
medicine,medicine/ASL Medicine/IMG_8453(19).MOV,IMG_8453(19).MOV,70,30.3249,2.30833,
medicine,medicine/ASL Medicine/IMG_8453(2).MOV,IMG_8453(2).MOV,74,30.5785,2.42,
medicine,medicine/ASL Medicine/IMG_8453(20).MOV,IMG_8453(20).MOV,65,30.3975,2.13833,
medicine,medicine/ASL Medicine/IMG_8453(21).MOV,IMG_8453(21).MOV,57,30.5085,1.86833,
medicine,medicine/ASL Medicine/IMG_8453(22).MOV,IMG_8453(22).MOV,78,30.2521,2.57833,
medicine,medicine/ASL Medicine/IMG_8453(23).MOV,IMG_8453(23).MOV,73,30.2905,2.41,
medicine,medicine/ASL Medicine/IMG_8453(24).MOV,IMG_8453(24).MOV,55,30.4428,1.80667,
medicine,medicine/ASL Medicine/IMG_8453(25).MOV,IMG_8453(25).MOV,68,30.3571,2.24,
medicine,medicine/ASL Medicine/IMG_8453(26).MOV,IMG_8453(26).MOV,71,30.1914,2.35167,
medicine,medicine/ASL Medicine/IMG_8453(27).MOV,IMG_8453(27).MOV,65,30.4212,2.13667,
medicine,medicine/ASL Medicine/IMG_8453(28).MOV,IMG_8453(28).MOV,77,30.3748,2.535,
medicine,medicine/ASL Medicine/IMG_8453(29).MOV,IMG_8453(29).MOV,66,30.3448,2.175,
medicine,medicine/ASL Medicine/IMG_8453(3).MOV,IMG_8453(3).MOV,61,30.3483,2.01,
medicine,medicine/ASL Medicine/IMG_8453(30).MOV,IMG_8453(30).MOV,67,30.2256,2.21667,
medicine,medicine/ASL Medicine/IMG_8453(4).MOV,IMG_8453(4).MOV,70,30.1724,2.32,
medicine,medicine/ASL Medicine/IMG_8453(5).MOV,IMG_8453(5).MOV,75,30.0401,2.49667,
medicine,medicine/ASL Medicine/IMG_8453(6).MOV,IMG_8453(6).MOV,67,30.1349,2.22333,
medicine,medicine/ASL Medicine/IMG_8453(7).MOV,IMG_8453(7).MOV,64,30.622,2.09,
medicine,medicine/ASL Medicine/IMG_8453(8).MOV,IMG_8453(8).MOV,59,30.5699,1.93,
medicine,medicine/ASL Medicine/IMG_8453(9).MOV,IMG_8453(9).MOV,70,30.3688,2.305,
medicine,medicine/ASL Medicine/IMG_8453.MOV,IMG_8453.MOV,71,30.3635,2.33833,
nausea,nausea/1662622755 (1).mp4,1662622755 (1).mp4,63,29.97,2.1021,
nausea,nausea/22407.mp4,22407.mp4,72,29.97,2.4024,
nausea,nausea/3c11e135-7865-48bf-9c6b-666fd7ac2d25.mp4,3c11e135-7865-48bf-9c6b-666fd7ac2d25.mp4,46,30,1.53333,
nausea,nausea/Baby-Voucher[24m13s].mp4,Baby-Voucher[24m13s].mp4,87,30,2.9,
nausea,nausea/ezgif-7042273a31558486.mp4,ezgif-7042273a31558486.mp4,55,25,2.2,
nausea,nausea/ezgif-7cde1e6d29f65c3a (online-video-cutter.com).mp4,ezgif-7cde1e6d29f65c3a (online-video-cutter.com).mp4,52,25,2.08,
nausea,nausea/nausea (1).mp4,nausea (1).mp4,75,25,3,
nausea,nausea/nausea.mp4,nausea.mp4,97,29.97,3.23657,
nausea,nausea/YTDown_Shorts_NAUSEOUS-ASL-Glossary-The-ASL-Shop_Media_znmmSL_2FAU_001_720p (online-video-cutter.com) (1).mp4,YTDown_Shorts_NAUSEOUS-ASL-Glossary-The-ASL-Shop_Media_znmmSL_2FAU_001_720p (online-video-cutter.com) (1).mp4,89,30,2.96667,
nausea,nausea/YTDown_Shorts_NAUSEOUS-ASL-Glossary-The-ASL-Shop_Media_znmmSL_2FAU_001_720p (online-video-cutter.com) (2).mp4,YTDown_Shorts_NAUSEOUS-ASL-Glossary-The-ASL-Shop_Media_znmmSL_2FAU_001_720p (online-video-cutter.com) (2).mp4,81,30,2.7,
nausea,nausea/YTDown_Shorts_NAUSEOUS-ASL-Glossary-The-ASL-Shop_Media_znmmSL_2FAU_001_720p (online-video-cutter.com) (3).mp4,YTDown_Shorts_NAUSEOUS-ASL-Glossary-The-ASL-Shop_Media_znmmSL_2FAU_001_720p (online-video-cutter.com) (3).mp4,57,30,1.9,
nausea,nausea/YTDown_Shorts_NAUSEOUS-ASL-Glossary-The-ASL-Shop_Media_znmmSL_2FAU_001_720p (online-video-cutter.com).mp4,YTDown_Shorts_NAUSEOUS-ASL-Glossary-The-ASL-Shop_Media_znmmSL_2FAU_001_720p (online-video-cutter.com).mp4,37,30,1.23333,
nausea,nausea/YTDown_YouTube_American-Sign-Language-ASL-Lesson-Nausea_Media_F5nccqcEpbs_001_1080p (1).mp4,YTDown_YouTube_American-Sign-Language-ASL-Lesson-Nausea_Media_F5nccqcEpbs_001_1080p (1).mp4,90,30,3,
nausea,nausea/YTDown_YouTube_American-Sign-Language-ASL-Lesson-Nausea_Media_F5nccqcEpbs_001_1080p (online-video-cutter.com) (1).mp4,YTDown_YouTube_American-Sign-Language-ASL-Lesson-Nausea_Media_F5nccqcEpbs_001_1080p (online-video-cutter.com) (1).mp4,89,30,2.96667,
nausea,nausea/YTDown_YouTube_Disgust-Eww-Gross-Nausea-Nauseous-ASL-Si_Media_a1MFvqa70ig_001_1080p (1).mp4,YTDown_YouTube_Disgust-Eww-Gross-Nausea-Nauseous-ASL-Si_Media_a1MFvqa70ig_001_1080p (1).mp4,60,30,2,
nausea,nausea/YTDown_YouTube_Disgust-Eww-Gross-Nausea-Nauseous-ASL-Si_Media_a1MFvqa70ig_001_1080p (online-video-cutter.com) (1).mp4,YTDown_YouTube_Disgust-Eww-Gross-Nausea-Nauseous-ASL-Si_Media_a1MFvqa70ig_001_1080p (online-video-cutter.com) (1).mp4,20,30,0.666667,
nausea,nausea/YTDown_YouTube_Disgust-Eww-Gross-Nausea-Nauseous-ASL-Si_Media_a1MFvqa70ig_001_1080p (online-video-cutter.com) (2).mp4,YTDown_YouTube_Disgust-Eww-Gross-Nausea-Nauseous-ASL-Si_Media_a1MFvqa70ig_001_1080p (online-video-cutter.com) (2).mp4,62,30,2.06667,
nausea,nausea/YTDown_YouTube_Disgust-Eww-Gross-Nausea-Nauseous-ASL-Si_Media_a1MFvqa70ig_001_1080p (online-video-cutter.com) (3).mp4,YTDown_YouTube_Disgust-Eww-Gross-Nausea-Nauseous-ASL-Si_Media_a1MFvqa70ig_001_1080p (online-video-cutter.com) (3).mp4,89,30,2.96667,
nausea,nausea/YTDown_YouTube_Disgust-Eww-Gross-Nausea-Nauseous-ASL-Si_Media_a1MFvqa70ig_001_1080p (online-video-cutter.com) (4).mp4,YTDown_YouTube_Disgust-Eww-Gross-Nausea-Nauseous-ASL-Si_Media_a1MFvqa70ig_001_1080p (online-video-cutter.com) (4).mp4,89,30,2.96667,
nausea,nausea/YTDown_YouTube_Disgust-Eww-Gross-Nausea-Nauseous-ASL-Si_Media_a1MFvqa70ig_001_1080p (online-video-cutter.com) (5).mp4,YTDown_YouTube_Disgust-Eww-Gross-Nausea-Nauseous-ASL-Si_Media_a1MFvqa70ig_001_1080p (online-video-cutter.com) (5).mp4,58,30,1.93333,
nausea,nausea/YTDown_YouTube_Disgust-Eww-Gross-Nausea-Nauseous-ASL-Si_Media_a1MFvqa70ig_001_1080p (online-video-cutter.com) (6).mp4,YTDown_YouTube_Disgust-Eww-Gross-Nausea-Nauseous-ASL-Si_Media_a1MFvqa70ig_001_1080p (online-video-cutter.com) (6).mp4,74,30,2.46667,
nausea,nausea/YTDown_YouTube_Disgust-Eww-Gross-Nausea-Nauseous-ASL-Si_Media_a1MFvqa70ig_001_1080p (online-video-cutter.com) (7).mp4,YTDown_YouTube_Disgust-Eww-Gross-Nausea-Nauseous-ASL-Si_Media_a1MFvqa70ig_001_1080p (online-video-cutter.com) (7).mp4,47,30,1.56667,
nausea,nausea/YTDown_YouTube_Disgust-Eww-Gross-Nausea-Nauseous-ASL-Si_Media_a1MFvqa70ig_001_1080p (online-video-cutter.com).mp4,YTDown_YouTube_Disgust-Eww-Gross-Nausea-Nauseous-ASL-Si_Media_a1MFvqa70ig_001_1080p (online-video-cutter.com).mp4,31,30,1.03333,
nausea,nausea/YTDown_YouTube_Nausea-1_Media_eHjcfCR4p_g_001_480p (online-video-cutter.com).mp4,YTDown_YouTube_Nausea-1_Media_eHjcfCR4p_g_001_480p (online-video-cutter.com).mp4,39,29.97,1.3013,
nausea,nausea/YTDown_YouTube_Nausea-2_Media_UTK-suh1PIM_001_480p.mp4,YTDown_YouTube_Nausea-2_Media_UTK-suh1PIM_001_480p.mp4,110,29.97,3.67033,
nausea,nausea/YTDown_YouTube_Nausea_Media_vC3hdLm_QFw_001_360p.mp4,YTDown_YouTube_Nausea_Media_vC3hdLm_QFw_001_360p.mp4,104,29.97,3.47013,
nausea,nausea/YTDown_YouTube_NAUSEOUS-disgust_Media_zBRB1zffzJI_001_1080p.mp4,YTDown_YouTube_NAUSEOUS-disgust_Media_zBRB1zffzJI_001_1080p.mp4,70,29.97,2.33567,
nausea,nausea/YTDown_YouTube_nauseous-in-ASL_Media_-RROK3yFEbo_001_1080p (1).mp4,YTDown_YouTube_nauseous-in-ASL_Media_-RROK3yFEbo_001_1080p (1).mp4,120,60,2,
nausea,nausea/YTDown_YouTube_Phrases-Feel-Dizzy-and-Sometimes-Nauseou_Media_Y3wD6cV8DS0_001_1080p (online-video-cutter.com).mp4,YTDown_YouTube_Phrases-Feel-Dizzy-and-Sometimes-Nauseou_Media_Y3wD6cV8DS0_001_1080p (online-video-cutter.com).mp4,78,30,2.6,
nausea,nausea/YTDown_YouTube_Sign-for-NAUSEA-or-UPSET-STOMACH-from-pa_Media_iOw60U812Fs_001_720p.mp4,YTDown_YouTube_Sign-for-NAUSEA-or-UPSET-STOMACH-from-pa_Media_iOw60U812Fs_001_720p.mp4,65,30,2.16667,
need,need/01_need_startasl.mp4,01_need_startasl.mp4,81,29.97,2.7027,
need,need/02_need_elementalasl-trim-1782952798021.mp4,02_need_elementalasl-trim-1782952798021.mp4,68,24,2.83333,
need,need/03_need_signschool.mp4,03_need_signschool.mp4,56,23.976,2.33567,
need,need/04_need_vl2.mp4,04_need_vl2.mp4,88,29.97,2.93627,
need,need/05_need_smartsign.mp4,05_need_smartsign.mp4,82,29.97,2.73607,
need,need/06_need_onefactasl.mp4,06_need_onefactasl.mp4,98,23.976,4.08742,
need,need/10.mp4,10.mp4,22,60,0.366667,
need,need/11.mp4,11.mp4,81,29.97,2.7027,
need,need/12.mp4,12.mp4,87,30.0071,2.89931,
need,need/13.mp4,13.mp4,86,30.0037,2.86631,
need,need/14.mp4,14.mp4,93,30.0067,3.09931,
need,need/15.mp4,15.mp4,95,30.0034,3.16631,
need,need/16.mp4,16.mp4,102,30.0061,3.39931,
need,need/17.mp4,17.mp4,109,30.0002,3.63331,
need,need/18.mp4,18.mp4,113,30.0028,3.76631,
need,need/19.mp4,19.mp4,64,30.0003,2.13331,
need,need/20.mp4,20.mp4,118,30.0002,3.93331,
need,need/21.mp4,21.mp4,67,30.0003,2.23331,
need,need/22.mp4,22.mp4,74,30.0043,2.46631,
need,need/23.mp4,23.mp4,120,30.0052,3.99931,
need,need/24.mp4,24.mp4,119,30.0027,3.96631,
need,need/25.mp4,25.mp4,69,30.009,2.29931,
need,need/26.mp4,26.mp4,64,30.0003,2.13331,
need,need/27.mp4,27.mp4,72,30.0086,2.39931,
need,need/28.mp4,28.mp4,69,30.009,2.29931,
need,need/29.mp4,29.mp4,106,30.0002,3.53331,
need,need/7.mp4,7.mp4,67,29.97,2.23557,
need,need/8.mp4,8.mp4,34,15.2675,2.22695,
need,need/9.mp4,9.mp4,69,30,2.3,
no,no/ASL No/IMG_8861(1).MOV,IMG_8861(1).MOV,52,30.4688,1.70667,
no,no/ASL No/IMG_8861(10).MOV,IMG_8861(10).MOV,38,30.0395,1.265,
no,no/ASL No/IMG_8861(11).MOV,IMG_8861(11).MOV,79,30.1335,2.62167,
no,no/ASL No/IMG_8861(12).MOV,IMG_8861(12).MOV,83,30.0362,2.76333,
no,no/ASL No/IMG_8861(13).MOV,IMG_8861(13).MOV,84,30.3981,2.76333,
no,no/ASL No/IMG_8861(14).MOV,IMG_8861(14).MOV,48,30.1571,1.59167,
no,no/ASL No/IMG_8861(15).MOV,IMG_8861(15).MOV,55,30.4428,1.80667,
no,no/ASL No/IMG_8861(16).MOV,IMG_8861(16).MOV,41,30.1471,1.36,
no,no/ASL No/IMG_8861(17).MOV,IMG_8861(17).MOV,43,30.3173,1.41833,
no,no/ASL No/IMG_8861(18).MOV,IMG_8861(18).MOV,46,30.4636,1.51,
no,no/ASL No/IMG_8861(19).MOV,IMG_8861(19).MOV,73,30.1653,2.42,
no,no/ASL No/IMG_8861(2).MOV,IMG_8861(2).MOV,65,30.3502,2.14167,
no,no/ASL No/IMG_8861(20).MOV,IMG_8861(20).MOV,84,30.564,2.74833,
no,no/ASL No/IMG_8861(21).MOV,IMG_8861(21).MOV,100,30.0752,3.325,
no,no/ASL No/IMG_8861(22).MOV,IMG_8861(22).MOV,77,30.1567,2.55333,
no,no/ASL No/IMG_8861(23).MOV,IMG_8861(23).MOV,71,30.0635,2.36167,
no,no/ASL No/IMG_8861(24).MOV,IMG_8861(24).MOV,40,30.6122,1.30667,
no,no/ASL No/IMG_8861(25).MOV,IMG_8861(25).MOV,66,30.0683,2.195,
no,no/ASL No/IMG_8861(26).MOV,IMG_8861(26).MOV,75,30.2419,2.48,
no,no/ASL No/IMG_8861(27).MOV,IMG_8861(27).MOV,72,30.3371,2.37333,
no,no/ASL No/IMG_8861(28).MOV,IMG_8861(28).MOV,44,30.0341,1.465,
no,no/ASL No/IMG_8861(29).MOV,IMG_8861(29).MOV,45,30.4397,1.47833,
no,no/ASL No/IMG_8861(3).MOV,IMG_8861(3).MOV,56,30.1075,1.86,
no,no/ASL No/IMG_8861(4).MOV,IMG_8861(4).MOV,60,30.5862,1.96167,
no,no/ASL No/IMG_8861(5).MOV,IMG_8861(5).MOV,52,30.439,1.70833,
no,no/ASL No/IMG_8861(6).MOV,IMG_8861(6).MOV,49,30.721,1.595,
no,no/ASL No/IMG_8861(7).MOV,IMG_8861(7).MOV,57,30.2923,1.88167,
no,no/ASL No/IMG_8861(8).MOV,IMG_8861(8).MOV,52,30.4985,1.705,
no,no/ASL No/IMG_8861(9).MOV,IMG_8861(9).MOV,50,30.2419,1.65333,
no,no/ASL No/IMG_8861.MOV,IMG_8861.MOV,47,30.3879,1.54667,
pain,pain/03_hurt_startasl.mp4,03_hurt_startasl.mp4,76,29.97,2.53587,
pain,pain/04_hurt_elementalasl.mp4,04_hurt_elementalasl.mp4,131,24,5.45833,
pain,pain/05_hurt_mariekatzenbach.mp4,05_hurt_mariekatzenbach.mp4,86,30,2.86667,
pain,pain/06_hurt_aslstudy.mp4,06_hurt_aslstudy.mp4,54,29.97,1.8018,
pain,pain/07_hurt_signschool_1.mp4,07_hurt_signschool_1.mp4,79,29.97,2.63597,
pain,pain/08_hurt_signschool_2.mp4,08_hurt_signschool_2.mp4,31,23.976,1.29296,
pain,pain/09_hurt_smartsign_1.mp4,09_hurt_smartsign_1.mp4,79,29.97,2.63597,
pain,pain/1.mp4,1.mp4,96,29.97,3.2032,
pain,pain/10_hurt_smartsign_2.mp4,10_hurt_smartsign_2.mp4,97,29.97,3.23657,
pain,pain/11.mp4,11.mp4,66,29.97,2.2022,
pain,pain/12.mp4,12.mp4,103,29.97,3.43677,
pain,pain/13.mp4,13.mp4,76,30.0002,2.53331,
pain,pain/14.mp4,14.mp4,82,30.0002,2.73331,
pain,pain/15.mp4,15.mp4,81,30.0076,2.69931,
pain,pain/16.mp4,16.mp4,77,30.0041,2.56631,
pain,pain/17.mp4,17.mp4,87,30.0071,2.89931,
pain,pain/18.mp4,18.mp4,82,30.0002,2.73331,
pain,pain/19.mp4,19.mp4,80,30.004,2.66631,
pain,pain/2.mp4,2.mp4,70,29.97,2.33567,
pain,pain/20.mp4,20.mp4,79,30.0002,2.63331,
pain,pain/21.mp4,21.mp4,79,30.0002,2.63331,
pain,pain/22.mp4,22.mp4,82,30.0002,2.73331,
pain,pain/23.mp4,23.mp4,82,30.0002,2.73331,
pain,pain/24.mp4,24.mp4,86,30.0037,2.86631,
pain,pain/25.mp4,25.mp4,97,30.0002,3.23331,
pain,pain/26.mp4,26.mp4,88,30.0002,2.93331,
pain,pain/pain-trim-1786012409525.mp4,pain-trim-1786012409525.mp4,116,29.995,3.86731,
pain,pain/pain-trim-1786012424883.mp4,pain-trim-1786012424883.mp4,76,30.0002,2.53331,
right,right/1063.mp4,1063.mp4,118,29.97,3.93727,
right,right/22624.mp4,22624.mp4,50,29.97,1.66834,
right,right/395.mp4,395.mp4,122,29.97,4.07073,
right,right/Baby-Voucher[37m46s].mp4,Baby-Voucher[37m46s].mp4,86,30,2.86667,
right,right/right (1).mp4,right (1).mp4,89,33.3333,2.67,
right,right/right-direction.mp4,right-direction.mp4,48,29.97,1.6016,
right,right/right.mp4,right.mp4,79,29.97,2.63597,
right,right/VC1zsuX_WU4.mp4,VC1zsuX_WU4.mp4,34,23.976,1.41808,
right,right/xMrgOJyx_gc (online-video-cutter.com).mp4,xMrgOJyx_gc (online-video-cutter.com).mp4,37,29.97,1.23457,
right,right/YTDown_Shorts_Left-v-s-right-americansignlanguage-sign_Media_K2Wh-VnKKTQ_001_1080p (online-video-cutter.com) (1).mp4,YTDown_Shorts_Left-v-s-right-americansignlanguage-sign_Media_K2Wh-VnKKTQ_001_1080p (online-video-cutter.com) (1).mp4,32,30,1.06667,
right,right/YTDown_Shorts_Left-v-s-right-americansignlanguage-sign_Media_K2Wh-VnKKTQ_001_1080p (online-video-cutter.com) (2).mp4,YTDown_Shorts_Left-v-s-right-americansignlanguage-sign_Media_K2Wh-VnKKTQ_001_1080p (online-video-cutter.com) (2).mp4,63,30,2.1,
right,right/YTDown_Shorts_Left-v-s-right-americansignlanguage-sign_Media_K2Wh-VnKKTQ_001_1080p (online-video-cutter.com) (3).mp4,YTDown_Shorts_Left-v-s-right-americansignlanguage-sign_Media_K2Wh-VnKKTQ_001_1080p (online-video-cutter.com) (3).mp4,56,30,1.86667,
right,right/YTDown_Shorts_Left-v-s-right-americansignlanguage-sign_Media_K2Wh-VnKKTQ_001_1080p (online-video-cutter.com) (7).mp4,YTDown_Shorts_Left-v-s-right-americansignlanguage-sign_Media_K2Wh-VnKKTQ_001_1080p (online-video-cutter.com) (7).mp4,37,30,1.23333,
right,right/YTDown_Shorts_Left-v-s-right-americansignlanguage-sign_Media_K2Wh-VnKKTQ_001_1080p (online-video-cutter.com) (8).mp4,YTDown_Shorts_Left-v-s-right-americansignlanguage-sign_Media_K2Wh-VnKKTQ_001_1080p (online-video-cutter.com) (8).mp4,40,30,1.33333,
right,right/YTDown_Shorts_Left-v-s-right-americansignlanguage-sign_Media_K2Wh-VnKKTQ_001_1080p (online-video-cutter.com) (9).mp4,YTDown_Shorts_Left-v-s-right-americansignlanguage-sign_Media_K2Wh-VnKKTQ_001_1080p (online-video-cutter.com) (9).mp4,48,30,1.6,
right,right/YTDown_Shorts_Left-v-s-right-americansignlanguage-sign_Media_K2Wh-VnKKTQ_001_1080p(2) (online-video-cutter.com) (1).mp4,YTDown_Shorts_Left-v-s-right-americansignlanguage-sign_Media_K2Wh-VnKKTQ_001_1080p(2) (online-video-cutter.com) (1).mp4,27,30,0.9,
right,right/YTDown_Shorts_Right-and-Left-in-ASL_Media_nSGuWufVtIU_001_360p (online-video-cutter.com) (1).mp4,YTDown_Shorts_Right-and-Left-in-ASL_Media_nSGuWufVtIU_001_360p (online-video-cutter.com) (1).mp4,34,30,1.13333,
right,right/YTDown_YouTube_ASL-Top-Bottom-Left-and-Right-Sign-Langu_Media_tI0opGWpL7U_001_720p (online-video-cutter.com) (1).mp4,YTDown_YouTube_ASL-Top-Bottom-Left-and-Right-Sign-Langu_Media_tI0opGWpL7U_001_720p (online-video-cutter.com) (1).mp4,87,29.97,2.9029,
right,right/YTDown_YouTube_ASL-Top-Bottom-Left-and-Right-Sign-Langu_Media_tI0opGWpL7U_001_720p (online-video-cutter.com) (3).mp4,YTDown_YouTube_ASL-Top-Bottom-Left-and-Right-Sign-Langu_Media_tI0opGWpL7U_001_720p (online-video-cutter.com) (3).mp4,78,29.97,2.6026,
right,right/YTDown_YouTube_ASL-Top-Bottom-Left-and-Right-Sign-Langu_Media_tI0opGWpL7U_001_720p (online-video-cutter.com).mp4,YTDown_YouTube_ASL-Top-Bottom-Left-and-Right-Sign-Langu_Media_tI0opGWpL7U_001_720p (online-video-cutter.com).mp4,44,29.97,1.46813,
right,right/YTDown_YouTube_How-To-Sign-RIGHT-ASL-Word-Of-The-Day-Wo_Media_CZOAmYBm0wY_001_1080p (online-video-cutter.com) (1).mp4,YTDown_YouTube_How-To-Sign-RIGHT-ASL-Word-Of-The-Day-Wo_Media_CZOAmYBm0wY_001_1080p (online-video-cutter.com) (1).mp4,69,29.97,2.3023,
right,right/YTDown_YouTube_How-To-Sign-RIGHT-ASL-Word-Of-The-Day-Wo_Media_CZOAmYBm0wY_001_1080p (online-video-cutter.com).mp4,YTDown_YouTube_How-To-Sign-RIGHT-ASL-Word-Of-The-Day-Wo_Media_CZOAmYBm0wY_001_1080p (online-video-cutter.com).mp4,81,29.97,2.7027,
right,right/YTDown_YouTube_Learn-How-to-Sign-the-Word-Right-directi_Media_qw-uxu9mJqk_001_720p (online-video-cutter.com) (1).mp4,YTDown_YouTube_Learn-How-to-Sign-the-Word-Right-directi_Media_qw-uxu9mJqk_001_720p (online-video-cutter.com) (1).mp4,47,23.976,1.96029,
right,right/YTDown_YouTube_Learn-How-to-Sign-the-Word-Right-directi_Media_qw-uxu9mJqk_001_720p (online-video-cutter.com).mp4,YTDown_YouTube_Learn-How-to-Sign-the-Word-Right-directi_Media_qw-uxu9mJqk_001_720p (online-video-cutter.com).mp4,25,23.976,1.04271,
right,right/YTDown_YouTube_Right-direction-ASL_Media_zY3cC40u2ZQ_001_720p.mp4,YTDown_YouTube_Right-direction-ASL_Media_zY3cC40u2ZQ_001_720p.mp4,114,29.97,3.8038,
right,right/YTDown_YouTube_right-direction-in-ASL_Media_Mj6fg0yCM8o_001_1080p (online-video-cutter.com) (1).mp4,YTDown_YouTube_right-direction-in-ASL_Media_Mj6fg0yCM8o_001_1080p (online-video-cutter.com) (1).mp4,137,60,2.28333,
right,right/YTDown_YouTube_right-direction-in-ASL_Media_Mj6fg0yCM8o_001_1080p (online-video-cutter.com).mp4,YTDown_YouTube_right-direction-in-ASL_Media_Mj6fg0yCM8o_001_1080p (online-video-cutter.com).mp4,141,60,2.35,
right,right/YTDown_YouTube_RIGHT-direction_Media_mxX9mVMl8O4_001_1080p.mp4,YTDown_YouTube_RIGHT-direction_Media_mxX9mVMl8O4_001_1080p.mp4,70,29.97,2.33567,
right,right/YTDown_YouTube_Right-turn-RIGHT-TURN-initialized-versio_Media_dxe-_tQXqC0_001_1080p.mp4,YTDown_YouTube_Right-turn-RIGHT-TURN-initialized-versio_Media_dxe-_tQXqC0_001_1080p.mp4,69,29.97,2.3023,
right,right/YTDown_YouTube_Right_Media_Yun9n_ACbBM_001_1080p (online-video-cutter.com) (1).mp4,YTDown_YouTube_Right_Media_Yun9n_ACbBM_001_1080p (online-video-cutter.com) (1).mp4,52,29.97,1.73507,
right,right/YTDown_YouTube_Right_Media_Yun9n_ACbBM_001_1080p (online-video-cutter.com) (2).mp4,YTDown_YouTube_Right_Media_Yun9n_ACbBM_001_1080p (online-video-cutter.com) (2).mp4,72,29.97,2.4024,
right,right/YTDown_YouTube_Right_Media_Yun9n_ACbBM_001_1080p (online-video-cutter.com) (3).mp4,YTDown_YouTube_Right_Media_Yun9n_ACbBM_001_1080p (online-video-cutter.com) (3).mp4,61,29.97,2.03537,
right,right/YTDown_YouTube_Right_Media_Yun9n_ACbBM_001_1080p (online-video-cutter.com) (4).mp4,YTDown_YouTube_Right_Media_Yun9n_ACbBM_001_1080p (online-video-cutter.com) (4).mp4,57,29.97,1.9019,
right,right/YTDown_YouTube_Right_Media_Yun9n_ACbBM_001_1080p (online-video-cutter.com).mp4,YTDown_YouTube_Right_Media_Yun9n_ACbBM_001_1080p (online-video-cutter.com).mp4,52,29.97,1.73507,
sick,sick/01_sick_startasl.mp4,01_sick_startasl.mp4,78,29.97,2.6026,
sick,sick/03_sick_elementalasl.mp4,03_sick_elementalasl.mp4,140,24,5.83333,
sick,sick/04_sick_aslbricks.mp4,04_sick_aslbricks.mp4,74,29.97,2.46913,
sick,sick/05_sick_mariekatzenbach.mp4,05_sick_mariekatzenbach.mp4,103,30,3.43333,
sick,sick/06_sick_aslstudy.mp4,06_sick_aslstudy.mp4,71,29.97,2.36903,
sick,sick/07_sick_signschool_1.mp4,07_sick_signschool_1.mp4,59,29.97,1.96863,
sick,sick/08_sick_signschool_2.mp4,08_sick_signschool_2.mp4,92,29.97,3.06973,
sick,sick/10_sick_smartsign_2.mp4,10_sick_smartsign_2.mp4,51,29.97,1.7017,
sick,sick/11_sick_valenciaasl.mp4,11_sick_valenciaasl.mp4,96,25,3.84,
sick,sick/12_sick_aslbloom.mp4,12_sick_aslbloom.mp4,72,30,2.4,
sick,sick/13_ill_signlanguagestudent.mp4,13_ill_signlanguagestudent.mp4,106,29.97,3.53687,
sick,sick/14_ill_aslsearch.mp4,14_ill_aslsearch.mp4,85,29.97,2.83617,
sick,sick/15_ill_aslstudy.mp4,15_ill_aslstudy.mp4,64,29.97,2.13547,
sick,sick/sick-trim-1783459875016.mp4,sick-trim-1783459875016.mp4,87,30.0071,2.89931,
sick,sick/sick-trim-1783459887977.mp4,sick-trim-1783459887977.mp4,80,30.004,2.66631,
sick,sick/sick-trim-1783459908597.mp4,sick-trim-1783459908597.mp4,78,30.0079,2.59931,
sick,sick/sick-trim-1783459923014.mp4,sick-trim-1783459923014.mp4,77,30.0041,2.56631,
sick,sick/sick-trim-1783459936669.mp4,sick-trim-1783459936669.mp4,74,30.0043,2.46631,
sick,sick/sick-trim-1783460021018.mp4,sick-trim-1783460021018.mp4,70,30.0003,2.33331,
sick,sick/sick-trim-1783460044162.mp4,sick-trim-1783460044162.mp4,72,30.0086,2.39931,
sick,sick/sick-trim-1783460056607.mp4,sick-trim-1783460056607.mp4,64,30.0003,2.13331,
sick,sick/sick-trim-1783460068650.mp4,sick-trim-1783460068650.mp4,62,30.0051,2.06631,
sick,sick/sick-trim-1783460087351.mp4,sick-trim-1783460087351.mp4,70,30.0003,2.33331,
sick,sick/sick-trim-1783460118872.mp4,sick-trim-1783460118872.mp4,62,30.0051,2.06631,
sick,sick/sick-trim-1783460179442.mp4,sick-trim-1783460179442.mp4,65,30.0049,2.16631,
sick,sick/sick-trim-1783460299421.mp4,sick-trim-1783460299421.mp4,65,30.0049,2.16631,
sick,sick/sick-trim-1783460324077.mp4,sick-trim-1783460324077.mp4,118,30.0002,3.93331,
sick,sick/sick-trim-1783460359457.mp4,sick-trim-1783460359457.mp4,112,30.0002,3.73331,
slow,slow/01_slow_startasl.mp4,01_slow_startasl.mp4,75,29.97,2.5025,
slow,slow/02_slow_aslsignbank.mp4,02_slow_aslsignbank.mp4,69,23.9761,2.87787,
slow,slow/03_slow_aslsearch.mp4,03_slow_aslsearch.mp4,90,29.97,3.003,
slow,slow/04_slow_elementalasl.mp4,04_slow_elementalasl.mp4,134,24,5.58333,
slow,slow/05_slow_signschool.mp4,05_slow_signschool.mp4,49,23.976,2.04371,
slow,slow/06_slow_mariekatzenbach.mp4,06_slow_mariekatzenbach.mp4,147,30,4.9,
slow,slow/07_slow_scottspethman.mp4,07_slow_scottspethman.mp4,105,29.97,3.5035,
slow,slow/08_slow_aslbloom.mp4,08_slow_aslbloom.mp4,97,30,3.23333,
slow,slow/09_slowdown_smartsign_1.mp4,09_slowdown_smartsign_1.mp4,124,29,4.27586,
slow,slow/10.mp4,10.mp4,52,60,0.866667,
slow,slow/11.mp4,11.mp4,59,60,0.983333,
slow,slow/12.mp4,12.mp4,105,29.97,3.5035,
slow,slow/13.mp4,13.mp4,101,30.0032,3.36631,
slow,slow/slow-trim-1783460547264.mp4,slow-trim-1783460547264.mp4,112,30.0002,3.73331,
slow,slow/slow-trim-1783460557835.mp4,slow-trim-1783460557835.mp4,63,30.0098,2.09931,
slow,slow/slow-trim-1783460575013.mp4,slow-trim-1783460575013.mp4,119,30.0027,3.96631,
slow,slow/slow-trim-1783460588360.mp4,slow-trim-1783460588360.mp4,114,30.0054,3.79931,
slow,slow/slow-trim-1783481521992.mp4,slow-trim-1783481521992.mp4,112,30.0002,3.73331,
slow,slow/slow-trim-1783481538134.mp4,slow-trim-1783481538134.mp4,119,30.0027,3.96631,
slow,slow/slow-trim-1783481559286.mp4,slow-trim-1783481559286.mp4,71,30.0045,2.36631,
slow,slow/slow-trim-1783481808919.mp4,slow-trim-1783481808919.mp4,63,30.0098,2.09931,
slow,slow/slow-trim-1783481827926.mp4,slow-trim-1783481827926.mp4,79,30.0002,2.63331,
slow,slow/slow-trim-1783481842362.mp4,slow-trim-1783481842362.mp4,86,30.0037,2.86631,
slow,slow/slow-trim-1783481862854.mp4,slow-trim-1783481862854.mp4,87,30.0071,2.89931,
slow,slow/slow-trim-1783482064422.mp4,slow-trim-1783482064422.mp4,102,30.0061,3.39931,
slow,slow/slow-trim-1783482097494.mp4,slow-trim-1783482097494.mp4,94,30.0002,3.13331,
slow,slow/slow-trim-1783482179525.mp4,slow-trim-1783482179525.mp4,109,30.0002,3.63331,
slow,slow/slow-trim-1783482229939.mp4,slow-trim-1783482229939.mp4,100,30.0002,3.33331,
slow,slow/slow-trim-1786012282325.mp4,slow-trim-1786012282325.mp4,143,29.9959,4.76731,
stomach,stomach/1655203024.mp4,1655203024.mp4,75,29.97,2.5025,
stomach,stomach/22407.mp4,22407.mp4,72,29.97,2.4024,
stomach,stomach/23860.mp4,23860.mp4,72,29.97,2.4024,
stomach,stomach/23861.mp4,23861.mp4,61,29.97,2.03537,
stomach,stomach/7_C30DpQkhM.mp4,7_C30DpQkhM.mp4,28,23.976,1.16783,
stomach,stomach/abdomen (1).mp4,abdomen (1).mp4,87,24,3.625,
stomach,stomach/abdomen.mp4,abdomen.mp4,84,29.97,2.8028,
stomach,stomach/i94EaF_GpZc.mp4,i94EaF_GpZc.mp4,79,29.97,2.63597,
stomach,stomach/pel_2NkIZSc.mp4,pel_2NkIZSc.mp4,106,29.97,3.53687,
stomach,stomach/Seq_2[14m21s].mp4,Seq_2[14m21s].mp4,49,30,1.63333,
stomach,stomach/STOMACH-1128.mp4,STOMACH-1128.mp4,48,23.976,2.002,
stomach,stomach/stomach.mp4,stomach.mp4,104,29.97,3.47014,
stomach,stomach/YTDown_Shorts_Learn-ASL-Stomach-ache-asl-americansignl_Media_KirmyHivDiQ_001_1080p (online-video-cutter.com) (1).mp4,YTDown_Shorts_Learn-ASL-Stomach-ache-asl-americansignl_Media_KirmyHivDiQ_001_1080p (online-video-cutter.com) (1).mp4,87,30,2.9,
stomach,stomach/YTDown_Shorts_Learn-ASL-Stomach-ache-asl-americansignl_Media_KirmyHivDiQ_001_1080p (online-video-cutter.com) (2).mp4,YTDown_Shorts_Learn-ASL-Stomach-ache-asl-americansignl_Media_KirmyHivDiQ_001_1080p (online-video-cutter.com) (2).mp4,77,30,2.56667,
stomach,stomach/YTDown_Shorts_Learn-ASL-Stomach-ache-asl-americansignl_Media_KirmyHivDiQ_001_1080p (online-video-cutter.com) (3).mp4,YTDown_Shorts_Learn-ASL-Stomach-ache-asl-americansignl_Media_KirmyHivDiQ_001_1080p (online-video-cutter.com) (3).mp4,42,30,1.4,
stomach,stomach/YTDown_Shorts_Learn-ASL-Stomach-ache-asl-americansignl_Media_KirmyHivDiQ_001_1080p (online-video-cutter.com).mp4,YTDown_Shorts_Learn-ASL-Stomach-ache-asl-americansignl_Media_KirmyHivDiQ_001_1080p (online-video-cutter.com).mp4,69,30,2.3,
stomach,stomach/YTDown_YouTube_ASL-Lesson-Stomach_Media_kcBRRKhoYNs_001_480p (online-video-cutter.com).mp4,YTDown_YouTube_ASL-Lesson-Stomach_Media_kcBRRKhoYNs_001_480p (online-video-cutter.com).mp4,53,29.97,1.76843,
stomach,stomach/YTDown_YouTube_ASL-Stomach_Media_XT44M-mdcow_001_1080p.mp4,YTDown_YouTube_ASL-Stomach_Media_XT44M-mdcow_001_1080p.mp4,224,60,3.73333,
stomach,stomach/YTDown_YouTube_Satisfied-full-stomach_Media_Wag12bsKLbU_001_480p (online-video-cutter.com) (1).mp4,YTDown_YouTube_Satisfied-full-stomach_Media_Wag12bsKLbU_001_480p (online-video-cutter.com) (1).mp4,54,30,1.8,
stomach,stomach/YTDown_YouTube_Satisfied-full-stomach_Media_Wag12bsKLbU_001_480p (online-video-cutter.com).mp4,YTDown_YouTube_Satisfied-full-stomach_Media_Wag12bsKLbU_001_480p (online-video-cutter.com).mp4,54,30,1.8,
stomach,stomach/YTDown_YouTube_STOMACH-ASL-American-Sign-Language_Media_dTH7KdvsiK8_001_240p (online-video-cutter.com).mp4,YTDown_YouTube_STOMACH-ASL-American-Sign-Language_Media_dTH7KdvsiK8_001_240p (online-video-cutter.com).mp4,54,15,3.6,
stomach,stomach/YTDown_YouTube_Stomach-in-ASL-REG-SPGZNWXB_Media_cJ0Kt8XqdZs_001_720p (online-video-cutter.com) (1).mp4,YTDown_YouTube_Stomach-in-ASL-REG-SPGZNWXB_Media_cJ0Kt8XqdZs_001_720p (online-video-cutter.com) (1).mp4,80,30,2.66667,
stomach,stomach/YTDown_YouTube_Stomach-in-ASL-REG-SPGZNWXB_Media_cJ0Kt8XqdZs_001_720p (online-video-cutter.com).mp4,YTDown_YouTube_Stomach-in-ASL-REG-SPGZNWXB_Media_cJ0Kt8XqdZs_001_720p (online-video-cutter.com).mp4,58,30,1.93333,
stomach,stomach/YTDown_YouTube_stomach-in-ASL_Media_cuBRI63iGqU_001_1080p (online-video-cutter.com) (1).mp4,YTDown_YouTube_stomach-in-ASL_Media_cuBRI63iGqU_001_1080p (online-video-cutter.com) (1).mp4,124,60,2.06667,
stomach,stomach/YTDown_YouTube_stomach-in-ASL_Media_cuBRI63iGqU_001_1080p (online-video-cutter.com).mp4,YTDown_YouTube_stomach-in-ASL_Media_cuBRI63iGqU_001_1080p (online-video-cutter.com).mp4,98,60,1.63333,
stomach,stomach/YTDown_YouTube_STOMACH_Media_8vyw31CLBsk_001_480p.mp4,YTDown_YouTube_STOMACH_Media_8vyw31CLBsk_001_480p.mp4,42,14.985,2.8028,
stomach,stomach/YTDown_YouTube_stomach_Media_jPX9s1SExPA_001_360p (online-video-cutter.com).mp4,YTDown_YouTube_stomach_Media_jPX9s1SExPA_001_360p (online-video-cutter.com).mp4,53,18,2.94444,
stomach,stomach/YTDown_YouTube_STOMACH_Media_KJLt7QN7K4Q_001_1080p.mp4,YTDown_YouTube_STOMACH_Media_KJLt7QN7K4Q_001_1080p.mp4,64,29.97,2.13547,
stomach,stomach/YTDown_YouTube_upset-stomach-in-ASL_Media_QNMcTJmn8Mk_001_1080p (online-video-cutter.com) (1).mp4,YTDown_YouTube_upset-stomach-in-ASL_Media_QNMcTJmn8Mk_001_1080p (online-video-cutter.com) (1).mp4,179,60,2.98333,
stomach,stomach/YTDown_YouTube_upset-stomach-in-ASL_Media_QNMcTJmn8Mk_001_1080p (online-video-cutter.com).mp4,YTDown_YouTube_upset-stomach-in-ASL_Media_QNMcTJmn8Mk_001_1080p (online-video-cutter.com).mp4,179,60,2.98333,
strong,strong/0T6SohUrRSw.mp4,0T6SohUrRSw.mp4,37,23.976,1.54321,
strong,strong/26141.mp4,26141.mp4,69,29.97,2.3023,
strong,strong/3Rx91HSF5JY.mp4,3Rx91HSF5JY.mp4,44,23.976,1.83517,
strong,strong/strong (1).mp4,strong (1).mp4,56,29.97,1.86853,
strong,strong/strong (2).mp4,strong (2).mp4,76,29.97,2.53587,
strong,strong/strong (3).mp4,strong (3).mp4,83,29.97,2.76943,
strong,strong/strong (4).mp4,strong (4).mp4,90,29.3478,3.06667,
strong,strong/strong (5).mp4,strong (5).mp4,56,25,2.24,
strong,strong/strong.mp4,strong.mp4,73,29.97,2.43577,
strong,strong/YTDown_Shorts_ASL-sign-for-strong-Learn-ASL_Media_vfUr9wQadak_001_1080p (online-video-cutter.com).mp4,YTDown_Shorts_ASL-sign-for-strong-Learn-ASL_Media_vfUr9wQadak_001_1080p (online-video-cutter.com).mp4,84,30,2.8,
strong,strong/YTDown_Shorts_How-to-sign-strong-shorts-learnASL-Ameri_Media_2WLjrw_boYc_001_480p (online-video-cutter.com) (1).mp4,YTDown_Shorts_How-to-sign-strong-shorts-learnASL-Ameri_Media_2WLjrw_boYc_001_480p (online-video-cutter.com) (1).mp4,48,29.97,1.6016,
strong,strong/YTDown_Shorts_How-to-sign-strong-shorts-learnASL-Ameri_Media_2WLjrw_boYc_001_480p (online-video-cutter.com) (2).mp4,YTDown_Shorts_How-to-sign-strong-shorts-learnASL-Ameri_Media_2WLjrw_boYc_001_480p (online-video-cutter.com) (2).mp4,53,29.97,1.76843,
strong,strong/YTDown_Shorts_How-to-sign-strong-shorts-learnASL-Ameri_Media_2WLjrw_boYc_001_480p (online-video-cutter.com).mp4,YTDown_Shorts_How-to-sign-strong-shorts-learnASL-Ameri_Media_2WLjrw_boYc_001_480p (online-video-cutter.com).mp4,51,29.97,1.7017,
strong,strong/YTDown_Shorts_How-to-sign-STRONG-vs-WEAK-in-ASL_Media_DB-u5NW-dBc_001_1080p (online-video-cutter.com) (1).mp4,YTDown_Shorts_How-to-sign-STRONG-vs-WEAK-in-ASL_Media_DB-u5NW-dBc_001_1080p (online-video-cutter.com) (1).mp4,70,30,2.33333,
strong,strong/YTDown_Shorts_How-to-sign-STRONG-vs-WEAK-in-ASL_Media_DB-u5NW-dBc_001_1080p (online-video-cutter.com) (2).mp4,YTDown_Shorts_How-to-sign-STRONG-vs-WEAK-in-ASL_Media_DB-u5NW-dBc_001_1080p (online-video-cutter.com) (2).mp4,46,30,1.53333,
strong,strong/YTDown_Shorts_How-to-sign-STRONG-vs-WEAK-in-ASL_Media_DB-u5NW-dBc_001_1080p (online-video-cutter.com) (3).mp4,YTDown_Shorts_How-to-sign-STRONG-vs-WEAK-in-ASL_Media_DB-u5NW-dBc_001_1080p (online-video-cutter.com) (3).mp4,49,30,1.63333,
strong,strong/YTDown_Shorts_How-to-sign-STRONG-vs-WEAK-in-ASL_Media_DB-u5NW-dBc_001_1080p (online-video-cutter.com) (4).mp4,YTDown_Shorts_How-to-sign-STRONG-vs-WEAK-in-ASL_Media_DB-u5NW-dBc_001_1080p (online-video-cutter.com) (4).mp4,49,30,1.63333,
strong,strong/YTDown_Shorts_How-to-sign-STRONG-vs-WEAK-in-ASL_Media_DB-u5NW-dBc_001_1080p (online-video-cutter.com).mp4,YTDown_Shorts_How-to-sign-STRONG-vs-WEAK-in-ASL_Media_DB-u5NW-dBc_001_1080p (online-video-cutter.com).mp4,70,30,2.33333,
strong,strong/YTDown_Shorts_Learn-ASL-Strong-asl-americansignlanguag_Media_fy9nNaP2gs0_001_1080p (online-video-cutter.com) (1).mp4,YTDown_Shorts_Learn-ASL-Strong-asl-americansignlanguag_Media_fy9nNaP2gs0_001_1080p (online-video-cutter.com) (1).mp4,37,30,1.23333,
strong,strong/YTDown_Shorts_Learn-ASL-Strong-asl-americansignlanguag_Media_fy9nNaP2gs0_001_1080p (online-video-cutter.com) (2).mp4,YTDown_Shorts_Learn-ASL-Strong-asl-americansignlanguag_Media_fy9nNaP2gs0_001_1080p (online-video-cutter.com) (2).mp4,52,30,1.73333,
strong,strong/YTDown_Shorts_Learn-ASL-Strong-asl-americansignlanguag_Media_fy9nNaP2gs0_001_1080p (online-video-cutter.com) (3).mp4,YTDown_Shorts_Learn-ASL-Strong-asl-americansignlanguag_Media_fy9nNaP2gs0_001_1080p (online-video-cutter.com) (3).mp4,32,30,1.06667,
strong,strong/YTDown_Shorts_Learn-ASL-Strong-asl-americansignlanguag_Media_fy9nNaP2gs0_001_1080p (online-video-cutter.com)(4).mp4,YTDown_Shorts_Learn-ASL-Strong-asl-americansignlanguag_Media_fy9nNaP2gs0_001_1080p (online-video-cutter.com)(4).mp4,37,30,1.23333,
strong,strong/YTDown_Shorts_Learn-ASL-Strong-asl-americansignlanguag_Media_fy9nNaP2gs0_001_1080p (online-video-cutter.com).mp4,YTDown_Shorts_Learn-ASL-Strong-asl-americansignlanguag_Media_fy9nNaP2gs0_001_1080p (online-video-cutter.com).mp4,58,30,1.93333,
strong,strong/YTDown_Shorts_Strong-and-Weak-in-ASL-for-coaches_Media_3P7AheS_GV4_001_1080p (online-video-cutter.com).mp4,YTDown_Shorts_Strong-and-Weak-in-ASL-for-coaches_Media_3P7AheS_GV4_001_1080p (online-video-cutter.com).mp4,44,29.2035,1.50667,
strong,strong/YTDown_Shorts_STRONG-ASL-Glossary-The-ASL-Shop_Media_MdssXk8SMI_001_720p (online-video-cutter.com) (1).mp4,YTDown_Shorts_STRONG-ASL-Glossary-The-ASL-Shop_Media_MdssXk8SMI_001_720p (online-video-cutter.com) (1).mp4,68,30,2.26667,
strong,strong/YTDown_Shorts_STRONG-ASL-Glossary-The-ASL-Shop_Media_MdssXk8SMI_001_720p (online-video-cutter.com) (2).mp4,YTDown_Shorts_STRONG-ASL-Glossary-The-ASL-Shop_Media_MdssXk8SMI_001_720p (online-video-cutter.com) (2).mp4,30,30,1,
strong,strong/YTDown_Shorts_STRONG-ASL-Glossary-The-ASL-Shop_Media_MdssXk8SMI_001_720p (online-video-cutter.com).mp4,YTDown_Shorts_STRONG-ASL-Glossary-The-ASL-Shop_Media_MdssXk8SMI_001_720p (online-video-cutter.com).mp4,40,30,1.33333,
strong,strong/YTDown_Shorts_Strong-Weak-Let-s-learn-ASL-randydignan-_Media_eBCQ0YQIHA4_001_1080p (online-video-cutter.com) (1).mp4,YTDown_Shorts_Strong-Weak-Let-s-learn-ASL-randydignan-_Media_eBCQ0YQIHA4_001_1080p (online-video-cutter.com) (1).mp4,37,30,1.23333,
strong,strong/YTDown_Shorts_Strong-Weak-Let-s-learn-ASL-randydignan-_Media_eBCQ0YQIHA4_001_1080p (online-video-cutter.com) (2).mp4,YTDown_Shorts_Strong-Weak-Let-s-learn-ASL-randydignan-_Media_eBCQ0YQIHA4_001_1080p (online-video-cutter.com) (2).mp4,30,30,1,
strong,strong/YTDown_Shorts_Strong-Weak-Let-s-learn-ASL-randydignan-_Media_eBCQ0YQIHA4_001_1080p (online-video-cutter.com) (3).mp4,YTDown_Shorts_Strong-Weak-Let-s-learn-ASL-randydignan-_Media_eBCQ0YQIHA4_001_1080p (online-video-cutter.com) (3).mp4,27,30,0.9,
strong,strong/YTDown_Shorts_Strong-Weak-Let-s-learn-ASL-randydignan-_Media_eBCQ0YQIHA4_001_1080p (online-video-cutter.com).mp4,YTDown_Shorts_Strong-Weak-Let-s-learn-ASL-randydignan-_Media_eBCQ0YQIHA4_001_1080p (online-video-cutter.com).mp4,30,30,1,
strong,strong/YTDown_YouTube_firm-strong_Media_id5Y7IusyW8_001_1080p.mp4,YTDown_YouTube_firm-strong_Media_id5Y7IusyW8_001_1080p.mp4,81,29.97,2.7027,
strong,strong/YTDown_YouTube_manly-strong-ASL_Media_iUHG20OJu6s_001_480p (online-video-cutter.com).mp4,YTDown_YouTube_manly-strong-ASL_Media_iUHG20OJu6s_001_480p (online-video-cutter.com).mp4,43,29.97,1.43477,
strong,strong/YTDown_YouTube_PEOPLE-CAN-BECOME-STRONG-HOW_Media_CAO7kD7dP04_001_1080p (online-video-cutter.com) (1).mp4,YTDown_YouTube_PEOPLE-CAN-BECOME-STRONG-HOW_Media_CAO7kD7dP04_001_1080p (online-video-cutter.com) (1).mp4,27,29.97,0.9009,
strong,strong/YTDown_YouTube_PEOPLE-CAN-BECOME-STRONG-HOW_Media_CAO7kD7dP04_001_1080p (online-video-cutter.com).mp4,YTDown_YouTube_PEOPLE-CAN-BECOME-STRONG-HOW_Media_CAO7kD7dP04_001_1080p (online-video-cutter.com).mp4,21,29.97,0.7007,
strong,strong/YTDown_YouTube_stout-strong-ASL_Media_rihLVcocYVY_001_480p (online-video-cutter.com).mp4,YTDown_YouTube_stout-strong-ASL_Media_rihLVcocYVY_001_480p (online-video-cutter.com).mp4,37,29.97,1.23457,
strong,strong/YTDown_YouTube_Strong-ASL_Media_LPynT8o23zQ_001_720p (online-video-cutter.com) (1).mp4,YTDown_YouTube_Strong-ASL_Media_LPynT8o23zQ_001_720p (online-video-cutter.com) (1).mp4,65,29.97,2.16883,
strong,strong/YTDown_YouTube_strong-in-ASL_Media_KZn_SeBBIHs_001_1080p (online-video-cutter.com).mp4,YTDown_YouTube_strong-in-ASL_Media_KZn_SeBBIHs_001_1080p (online-video-cutter.com).mp4,123,60,2.05,
strong,strong/YTDown_YouTube_STRONG-strength-version-of-STRONG_Media_odtYlRbkKLk_001_1080p.mp4,YTDown_YouTube_STRONG-strength-version-of-STRONG_Media_odtYlRbkKLk_001_1080p.mp4,93,29.97,3.1031,
strong,strong/YTDown_YouTube_strong-strongly_Media_996p9m6qci4_001_1080p (online-video-cutter.com).mp4,YTDown_YouTube_strong-strongly_Media_996p9m6qci4_001_1080p (online-video-cutter.com).mp4,26,29.97,0.867533,
strong,strong/YTDown_YouTube_STRONG_Media_RB9VLcVvrWI_001_1080p.mp4,YTDown_YouTube_STRONG_Media_RB9VLcVvrWI_001_1080p.mp4,87,29.97,2.9029,
throat,throat/ASL Throat/IMG_8452(1).MOV,IMG_8452(1).MOV,74,30.2452,2.44667,
throat,throat/ASL Throat/IMG_8452(10).MOV,IMG_8452(10).MOV,64,30.5732,2.09333,
throat,throat/ASL Throat/IMG_8452(11).MOV,IMG_8452(11).MOV,59,30.9711,1.905,
throat,throat/ASL Throat/IMG_8452(12).MOV,IMG_8452(12).MOV,73,30.1445,2.42167,
throat,throat/ASL Throat/IMG_8452(13).MOV,IMG_8452(13).MOV,64,30.6709,2.08667,
throat,throat/ASL Throat/IMG_8452(14).MOV,IMG_8452(14).MOV,69,30,2.3,
throat,throat/ASL Throat/IMG_8452(15).MOV,IMG_8452(15).MOV,57,30.563,1.865,
throat,throat/ASL Throat/IMG_8452(16).MOV,IMG_8452(16).MOV,69,30.3519,2.27333,
throat,throat/ASL Throat/IMG_8452(17).MOV,IMG_8452(17).MOV,61,30.1235,2.025,
throat,throat/ASL Throat/IMG_8452(18).MOV,IMG_8452(18).MOV,55,30.4147,1.80833,
throat,throat/ASL Throat/IMG_8452(19).MOV,IMG_8452(19).MOV,63,30.1195,2.09167,
throat,throat/ASL Throat/IMG_8452(2).MOV,IMG_8452(2).MOV,60,30.7167,1.95333,
throat,throat/ASL Throat/IMG_8452(20).MOV,IMG_8452(20).MOV,61,30.273,2.015,
throat,throat/ASL Throat/IMG_8452(21).MOV,IMG_8452(21).MOV,59,30.4647,1.93667,
throat,throat/ASL Throat/IMG_8452(22).MOV,IMG_8452(22).MOV,54,30.4511,1.77333,
throat,throat/ASL Throat/IMG_8452(23).MOV,IMG_8452(23).MOV,65,30.0926,2.16,
throat,throat/ASL Throat/IMG_8452(24).MOV,IMG_8452(24).MOV,64,30.452,2.10167,
throat,throat/ASL Throat/IMG_8452(25).MOV,IMG_8452(25).MOV,57,30.427,1.87333,
throat,throat/ASL Throat/IMG_8452(26).MOV,IMG_8452(26).MOV,66,30.5085,2.16333,
throat,throat/ASL Throat/IMG_8452(27).MOV,IMG_8452(27).MOV,56,30.1075,1.86,
throat,throat/ASL Throat/IMG_8452(28).MOV,IMG_8452(28).MOV,51,30.6306,1.665,
throat,throat/ASL Throat/IMG_8452(29).MOV,IMG_8452(29).MOV,66,30.6028,2.15667,
throat,throat/ASL Throat/IMG_8452(3).MOV,IMG_8452(3).MOV,63,30.24,2.08333,
throat,throat/ASL Throat/IMG_8452(4).MOV,IMG_8452(4).MOV,56,30.0268,1.865,
throat,throat/ASL Throat/IMG_8452(5).MOV,IMG_8452(5).MOV,56,30.4624,1.83833,
throat,throat/ASL Throat/IMG_8452(6).MOV,IMG_8452(6).MOV,73,30,2.43333,
throat,throat/ASL Throat/IMG_8452(7).MOV,IMG_8452(7).MOV,59,30.3082,1.94667,
throat,throat/ASL Throat/IMG_8452(8).MOV,IMG_8452(8).MOV,70,30.3907,2.30333,
throat,throat/ASL Throat/IMG_8452(9).MOV,IMG_8452(9).MOV,72,30.4225,2.36667,
throat,throat/ASL Throat/IMG_8452.MOV,IMG_8452.MOV,64,30.5246,2.09667,
vomit,vomit/36286.mp4,36286.mp4,68,29.97,2.26893,
vomit,vomit/36287.mp4,36287.mp4,68,29.97,2.26893,
vomit,vomit/bjEi_7qYcBQ.mp4,bjEi_7qYcBQ.mp4,22,23.976,0.917583,
vomit,vomit/qKMlZmeiYqg.mp4,qKMlZmeiYqg.mp4,22,23.976,0.917583,
vomit,vomit/RRGvr-dhQHo.mp4,RRGvr-dhQHo.mp4,30,23.976,1.25125,
vomit,vomit/throw-up.mp4,throw-up.mp4,56,29.97,1.86853,
vomit,vomit/vomit (1).mp4,vomit (1).mp4,98,29.97,3.26994,
vomit,vomit/vomit.mp4,vomit.mp4,85,29.97,2.83617,
vomit,vomit/YTDown_Shorts_ASL-For-Vomit-Throwing-Up_Media_NfkUwUv1C4o_001_1080p (online-video-cutter.com) (1).mp4,YTDown_Shorts_ASL-For-Vomit-Throwing-Up_Media_NfkUwUv1C4o_001_1080p (online-video-cutter.com) (1).mp4,67,30,2.23333,
vomit,vomit/YTDown_Shorts_ASL-For-Vomit-Throwing-Up_Media_NfkUwUv1C4o_001_1080p (online-video-cutter.com) (2).mp4,YTDown_Shorts_ASL-For-Vomit-Throwing-Up_Media_NfkUwUv1C4o_001_1080p (online-video-cutter.com) (2).mp4,67,30,2.23333,
vomit,vomit/YTDown_Shorts_ASL-For-Vomit-Throwing-Up_Media_NfkUwUv1C4o_001_1080p (online-video-cutter.com) (3).mp4,YTDown_Shorts_ASL-For-Vomit-Throwing-Up_Media_NfkUwUv1C4o_001_1080p (online-video-cutter.com) (3).mp4,67,30,2.23333,
vomit,vomit/YTDown_Shorts_ASL-For-Vomit-Throwing-Up_Media_NfkUwUv1C4o_001_1080p (online-video-cutter.com).mp4,YTDown_Shorts_ASL-For-Vomit-Throwing-Up_Media_NfkUwUv1C4o_001_1080p (online-video-cutter.com).mp4,88,30,2.93333,
vomit,vomit/YTDown_Shorts_ASL-THROW-UP-Vomit_Media_a_Fl84_1h-k_001_360p (online-video-cutter.com) (1).mp4,YTDown_Shorts_ASL-THROW-UP-Vomit_Media_a_Fl84_1h-k_001_360p (online-video-cutter.com) (1).mp4,56,24.04,2.32945,
vomit,vomit/YTDown_Shorts_ASL-THROW-UP-Vomit_Media_a_Fl84_1h-k_001_360p (online-video-cutter.com) (2).mp4,YTDown_Shorts_ASL-THROW-UP-Vomit_Media_a_Fl84_1h-k_001_360p (online-video-cutter.com) (2).mp4,56,24.04,2.32945,
vomit,vomit/YTDown_Shorts_ASL-THROW-UP-Vomit_Media_a_Fl84_1h-k_001_360p (online-video-cutter.com).mp4,YTDown_Shorts_ASL-THROW-UP-Vomit_Media_a_Fl84_1h-k_001_360p (online-video-cutter.com).mp4,63,24.04,2.62063,
vomit,vomit/YTDown_Shorts_Learn-How-To-Sign-Vomit-in-ASL-for-Begin_Media_S8e2_otv-xg_001_1080p (online-video-cutter.com) (1).mp4,YTDown_Shorts_Learn-How-To-Sign-Vomit-in-ASL-for-Begin_Media_S8e2_otv-xg_001_1080p (online-video-cutter.com) (1).mp4,39,30,1.3,
vomit,vomit/YTDown_Shorts_Learn-How-To-Sign-Vomit-in-ASL-for-Begin_Media_S8e2_otv-xg_001_1080p (online-video-cutter.com) (2).mp4,YTDown_Shorts_Learn-How-To-Sign-Vomit-in-ASL-for-Begin_Media_S8e2_otv-xg_001_1080p (online-video-cutter.com) (2).mp4,39,30,1.3,
vomit,vomit/YTDown_Shorts_Learn-How-To-Sign-Vomit-in-ASL-for-Begin_Media_S8e2_otv-xg_001_1080p (online-video-cutter.com).mp4,YTDown_Shorts_Learn-How-To-Sign-Vomit-in-ASL-for-Begin_Media_S8e2_otv-xg_001_1080p (online-video-cutter.com).mp4,39,30,1.3,
vomit,vomit/YTDown_Shorts_Vomit-in-ASL-Master-action-words-verbs-g_Media_RVUnmyzBNEY_001_720p.mp4,YTDown_Shorts_Vomit-in-ASL-Master-action-words-verbs-g_Media_RVUnmyzBNEY_001_720p.mp4,107,30,3.56667,
vomit,vomit/YTDown_YouTube_American-Sign-Language-ASL-Lesson-Vomit_Media_TYusUG0dZcE_001_1080p (online-video-cutter.com) (1).mp4,YTDown_YouTube_American-Sign-Language-ASL-Lesson-Vomit_Media_TYusUG0dZcE_001_1080p (online-video-cutter.com) (1).mp4,85,30,2.83333,
vomit,vomit/YTDown_YouTube_American-Sign-Language-ASL-Lesson-Vomit_Media_TYusUG0dZcE_001_1080p (online-video-cutter.com) (2).mp4,YTDown_YouTube_American-Sign-Language-ASL-Lesson-Vomit_Media_TYusUG0dZcE_001_1080p (online-video-cutter.com) (2).mp4,85,30,2.83333,
vomit,vomit/YTDown_YouTube_puke-puke-up-spit-up-throw-up-ASL_Media_qVx8--wjty8_001_480p.mp4,YTDown_YouTube_puke-puke-up-spit-up-throw-up-ASL_Media_qVx8--wjty8_001_480p.mp4,73,29.97,2.43577,
vomit,vomit/YTDown_YouTube_throw-up-in-ASL_Media_QdPdk0KE0Fw_001_1080p (online-video-cutter.com).mp4,YTDown_YouTube_throw-up-in-ASL_Media_QdPdk0KE0Fw_001_1080p (online-video-cutter.com).mp4,138,60,2.3,
vomit,vomit/YTDown_YouTube_vomit-ASL_Media_vbh93OT8Nsk_001_720p.mp4,YTDown_YouTube_vomit-ASL_Media_vbh93OT8Nsk_001_720p.mp4,104,29.97,3.47013,
vomit,vomit/YTDown_YouTube_vomit-barf-disgorge-heave-hurl-upchuck-s_Media_k5WZttJtLX8_001_480p.mp4,YTDown_YouTube_vomit-barf-disgorge-heave-hurl-upchuck-s_Media_k5WZttJtLX8_001_480p.mp4,72,29.97,2.4024,
vomit,vomit/YTDown_YouTube_vomit-circular-ASL_Media_sPlSRxZn31A_001_480p (online-video-cutter.com).mp4,YTDown_YouTube_vomit-circular-ASL_Media_sPlSRxZn31A_001_480p (online-video-cutter.com).mp4,53,29.97,1.76843,
vomit,vomit/YTDown_YouTube_VOMIT-detest-hate-it-can-t-stand-yuck-ew_Media_vezUCim_9-o_001_1080p.mp4,YTDown_YouTube_VOMIT-detest-hate-it-can-t-stand-yuck-ew_Media_vezUCim_9-o_001_1080p.mp4,90,29.97,3.003,
vomit,vomit/YTDown_YouTube_vomit-idiomatic-expression-ASL_Media_vfWlyr1o2Bg_001_720p (online-video-cutter.com).mp4,YTDown_YouTube_vomit-idiomatic-expression-ASL_Media_vfWlyr1o2Bg_001_720p (online-video-cutter.com).mp4,93,29.97,3.1031,
vomit,vomit/YTDown_YouTube_vomit-in-ASL_Media_aXegMGedWlM_001_1080p (online-video-cutter.com).mp4,YTDown_YouTube_vomit-in-ASL_Media_aXegMGedWlM_001_1080p (online-video-cutter.com).mp4,138,60,2.3,
vomit,vomit/YTDown_YouTube_Vomit-or-Throw-Up_Media_uNsqGxH6OzY_001_1080p (online-video-cutter.com) (1).mp4,YTDown_YouTube_Vomit-or-Throw-Up_Media_uNsqGxH6OzY_001_1080p (online-video-cutter.com) (1).mp4,50,29.97,1.66833,
vomit,vomit/YTDown_YouTube_Vomit-or-Throw-Up_Media_uNsqGxH6OzY_001_1080p (online-video-cutter.com) (2).mp4,YTDown_YouTube_Vomit-or-Throw-Up_Media_uNsqGxH6OzY_001_1080p (online-video-cutter.com) (2).mp4,55,29.97,1.83517,
vomit,vomit/YTDown_YouTube_Vomit-or-Throw-Up_Media_uNsqGxH6OzY_001_1080p (online-video-cutter.com) (3).mp4,YTDown_YouTube_Vomit-or-Throw-Up_Media_uNsqGxH6OzY_001_1080p (online-video-cutter.com) (3).mp4,55,29.97,1.83517,
vomit,vomit/YTDown_YouTube_Vomit-or-Throw-Up_Media_uNsqGxH6OzY_001_1080p (online-video-cutter.com) (4).mp4,YTDown_YouTube_Vomit-or-Throw-Up_Media_uNsqGxH6OzY_001_1080p (online-video-cutter.com) (4).mp4,55,29.97,1.83517,
vomit,vomit/YTDown_YouTube_Vomit-or-Throw-Up_Media_uNsqGxH6OzY_001_1080p (online-video-cutter.com).mp4,YTDown_YouTube_Vomit-or-Throw-Up_Media_uNsqGxH6OzY_001_1080p (online-video-cutter.com).mp4,50,29.97,1.66833,
vomit,vomit/YTDown_YouTube_vomit-repetitive-ASL_Media_ofCTO55_Uc8_001_480p (online-video-cutter.com).mp4,YTDown_YouTube_vomit-repetitive-ASL_Media_ofCTO55_Uc8_001_480p (online-video-cutter.com).mp4,93,29.97,3.1031,
vomit,vomit/YTDown_YouTube_vomit-uninflected-ASL_Media_AYEjZcimmVg_001_480p.mp4,YTDown_YouTube_vomit-uninflected-ASL_Media_AYEjZcimmVg_001_480p.mp4,106,29.97,3.53687,
vomit,vomit/YTDown_YouTube_VOMIT-YUCKY_Media_4M1eDGppk2I_001_1080p.mp4,YTDown_YouTube_VOMIT-YUCKY_Media_4M1eDGppk2I_001_1080p.mp4,76,29.97,2.53587,
vomit,vomit/YTDown_YouTube_vomit_Media_eyu6rDm1uFM_001_1080p.mp4,YTDown_YouTube_vomit_Media_eyu6rDm1uFM_001_1080p.mp4,138,59.9401,2.3023,
weak,weak/1664881158.mp4,1664881158.mp4,55,29.97,1.83517,
weak,weak/1665592503.mp4,1665592503.mp4,67,29.97,2.23557,
weak,weak/28754.mp4,28754.mp4,99,29.97,3.3033,
weak,weak/Pu9uYoYe-O8.mp4,Pu9uYoYe-O8.mp4,98,29.97,3.26993,
weak,weak/weak (1).mp4,weak (1).mp4,79,29.97,2.63597,
weak,weak/weak (2).mp4,weak (2).mp4,132,29.97,4.4044,
weak,weak/weak (3).mp4,weak (3).mp4,88,29.6149,2.97148,
weak,weak/weak.mp4,weak.mp4,98,29.97,3.26993,
weak,weak/YTDown_Shorts_ASL-WEAK_Media_OGTJbgRIi8Q_001_1080p (online-video-cutter.com) (1).mp4,YTDown_Shorts_ASL-WEAK_Media_OGTJbgRIi8Q_001_1080p (online-video-cutter.com) (1).mp4,69,30,2.3,
weak,weak/YTDown_Shorts_ASL-WEAK_Media_OGTJbgRIi8Q_001_1080p (online-video-cutter.com).mp4,YTDown_Shorts_ASL-WEAK_Media_OGTJbgRIi8Q_001_1080p (online-video-cutter.com).mp4,93,30,3.1,
weak,weak/YTDown_Shorts_Difference-between-weak-and-cookie-in-AS_Media_6Z00ZltMZc8_001_1080p (online-video-cutter.com).mp4,YTDown_Shorts_Difference-between-weak-and-cookie-in-AS_Media_6Z00ZltMZc8_001_1080p (online-video-cutter.com).mp4,92,30,3.06667,
weak,weak/YTDown_Shorts_How-to-sign-STRONG-vs-WEAK-in-ASL_Media_DB-u5NW-dBc_001_1080p (online-video-cutter.com) (1).mp4,YTDown_Shorts_How-to-sign-STRONG-vs-WEAK-in-ASL_Media_DB-u5NW-dBc_001_1080p (online-video-cutter.com) (1).mp4,90,30,3,
weak,weak/YTDown_Shorts_How-to-sign-STRONG-vs-WEAK-in-ASL_Media_DB-u5NW-dBc_001_1080p (online-video-cutter.com) (2).mp4,YTDown_Shorts_How-to-sign-STRONG-vs-WEAK-in-ASL_Media_DB-u5NW-dBc_001_1080p (online-video-cutter.com) (2).mp4,86,30,2.86667,
weak,weak/YTDown_Shorts_How-to-sign-STRONG-vs-WEAK-in-ASL_Media_DB-u5NW-dBc_001_1080p (online-video-cutter.com).mp4,YTDown_Shorts_How-to-sign-STRONG-vs-WEAK-in-ASL_Media_DB-u5NW-dBc_001_1080p (online-video-cutter.com).mp4,74,30,2.46667,
weak,weak/YTDown_Shorts_How-to-sign-weak-in-asl-shorts-shortvide_Media_wxc81MljCRE_001_720p (online-video-cutter.com) (1).mp4,YTDown_Shorts_How-to-sign-weak-in-asl-shorts-shortvide_Media_wxc81MljCRE_001_720p (online-video-cutter.com) (1).mp4,65,30,2.16667,
weak,weak/YTDown_Shorts_How-to-sign-weak-in-asl-shorts-shortvide_Media_wxc81MljCRE_001_720p (online-video-cutter.com) (2).mp4,YTDown_Shorts_How-to-sign-weak-in-asl-shorts-shortvide_Media_wxc81MljCRE_001_720p (online-video-cutter.com) (2).mp4,35,30,1.16667,
weak,weak/YTDown_Shorts_How-to-sign-weak-in-asl-shorts-shortvide_Media_wxc81MljCRE_001_720p (online-video-cutter.com).mp4,YTDown_Shorts_How-to-sign-weak-in-asl-shorts-shortvide_Media_wxc81MljCRE_001_720p (online-video-cutter.com).mp4,49,30,1.63333,
weak,weak/YTDown_Shorts_Learn-ASL-Weak-asl-americansignlanguage-_Media_9y_cEoy3zC4_001_1080p (online-video-cutter.com) (1).mp4,YTDown_Shorts_Learn-ASL-Weak-asl-americansignlanguage-_Media_9y_cEoy3zC4_001_1080p (online-video-cutter.com) (1).mp4,82,30,2.73333,
weak,weak/YTDown_Shorts_Learn-ASL-Weak-asl-americansignlanguage-_Media_9y_cEoy3zC4_001_1080p (online-video-cutter.com) (2).mp4,YTDown_Shorts_Learn-ASL-Weak-asl-americansignlanguage-_Media_9y_cEoy3zC4_001_1080p (online-video-cutter.com) (2).mp4,82,30,2.73333,
weak,weak/YTDown_Shorts_Learn-ASL-Weak-asl-americansignlanguage-_Media_9y_cEoy3zC4_001_1080p (online-video-cutter.com) (3).mp4,YTDown_Shorts_Learn-ASL-Weak-asl-americansignlanguage-_Media_9y_cEoy3zC4_001_1080p (online-video-cutter.com) (3).mp4,36,30,1.2,
weak,weak/YTDown_Shorts_Learn-ASL-Weak-asl-americansignlanguage-_Media_9y_cEoy3zC4_001_1080p (online-video-cutter.com).mp4,YTDown_Shorts_Learn-ASL-Weak-asl-americansignlanguage-_Media_9y_cEoy3zC4_001_1080p (online-video-cutter.com).mp4,42,30,1.4,
weak,weak/YTDown_Shorts_Strong-and-Weak-in-ASL-for-coaches_Media_3P7AheS_GV4_001_1080p (online-video-cutter.com) (1).mp4,YTDown_Shorts_Strong-and-Weak-in-ASL-for-coaches_Media_3P7AheS_GV4_001_1080p (online-video-cutter.com) (1).mp4,40,29.2035,1.3697,
weak,weak/YTDown_Shorts_Strong-Weak-Let-s-learn-ASL-randydignan-_Media_eBCQ0YQIHA4_001_1080p (online-video-cutter.com) (1).mp4,YTDown_Shorts_Strong-Weak-Let-s-learn-ASL-randydignan-_Media_eBCQ0YQIHA4_001_1080p (online-video-cutter.com) (1).mp4,42,30,1.4,
weak,weak/YTDown_Shorts_Strong-Weak-Let-s-learn-ASL-randydignan-_Media_eBCQ0YQIHA4_001_1080p (online-video-cutter.com) (2).mp4,YTDown_Shorts_Strong-Weak-Let-s-learn-ASL-randydignan-_Media_eBCQ0YQIHA4_001_1080p (online-video-cutter.com) (2).mp4,42,30,1.4,
weak,weak/YTDown_Shorts_Strong-Weak-Let-s-learn-ASL-randydignan-_Media_eBCQ0YQIHA4_001_1080p (online-video-cutter.com) (3).mp4,YTDown_Shorts_Strong-Weak-Let-s-learn-ASL-randydignan-_Media_eBCQ0YQIHA4_001_1080p (online-video-cutter.com) (3).mp4,20,30,0.666667,
weak,weak/YTDown_Shorts_Strong-Weak-Let-s-learn-ASL-randydignan-_Media_eBCQ0YQIHA4_001_1080p (online-video-cutter.com) (4).mp4,YTDown_Shorts_Strong-Weak-Let-s-learn-ASL-randydignan-_Media_eBCQ0YQIHA4_001_1080p (online-video-cutter.com) (4).mp4,42,30,1.4,
weak,weak/YTDown_Shorts_Strong-Weak-Let-s-learn-ASL-randydignan-_Media_eBCQ0YQIHA4_001_1080p (online-video-cutter.com).mp4,YTDown_Shorts_Strong-Weak-Let-s-learn-ASL-randydignan-_Media_eBCQ0YQIHA4_001_1080p (online-video-cutter.com).mp4,24,30,0.8,
weak,weak/YTDown_Shorts_The-ASL-sign-for-Weak-tired-everyone-sig_Media_QnkcDp1tkds_001_1080p (online-video-cutter.com) (1).mp4,YTDown_Shorts_The-ASL-sign-for-Weak-tired-everyone-sig_Media_QnkcDp1tkds_001_1080p (online-video-cutter.com) (1).mp4,78,30,2.6,
weak,weak/YTDown_Shorts_The-ASL-sign-for-Weak-tired-everyone-sig_Media_QnkcDp1tkds_001_1080p (online-video-cutter.com).mp4,YTDown_Shorts_The-ASL-sign-for-Weak-tired-everyone-sig_Media_QnkcDp1tkds_001_1080p (online-video-cutter.com).mp4,78,30,2.6,
weak,weak/YTDown_Shorts_Weak-americansignlanguage-signlanguage-a_Media_eQJ2s-r9PC4_001_1080p (online-video-cutter.com) (1).mp4,YTDown_Shorts_Weak-americansignlanguage-signlanguage-a_Media_eQJ2s-r9PC4_001_1080p (online-video-cutter.com) (1).mp4,76,30,2.53333,
weak,weak/YTDown_Shorts_Weak-americansignlanguage-signlanguage-a_Media_eQJ2s-r9PC4_001_1080p (online-video-cutter.com) (2).mp4,YTDown_Shorts_Weak-americansignlanguage-signlanguage-a_Media_eQJ2s-r9PC4_001_1080p (online-video-cutter.com) (2).mp4,76,30,2.53333,
weak,weak/YTDown_Shorts_Weak-americansignlanguage-signlanguage-a_Media_eQJ2s-r9PC4_001_1080p (online-video-cutter.com) (3).mp4,YTDown_Shorts_Weak-americansignlanguage-signlanguage-a_Media_eQJ2s-r9PC4_001_1080p (online-video-cutter.com) (3).mp4,76,30,2.53333,
weak,weak/YTDown_Shorts_Weak-americansignlanguage-signlanguage-a_Media_eQJ2s-r9PC4_001_1080p (online-video-cutter.com) (4).mp4,YTDown_Shorts_Weak-americansignlanguage-signlanguage-a_Media_eQJ2s-r9PC4_001_1080p (online-video-cutter.com) (4).mp4,76,30,2.53333,
weak,weak/YTDown_Shorts_Weak-americansignlanguage-signlanguage-a_Media_eQJ2s-r9PC4_001_1080p (online-video-cutter.com).mp4,YTDown_Shorts_Weak-americansignlanguage-signlanguage-a_Media_eQJ2s-r9PC4_001_1080p (online-video-cutter.com).mp4,69,30,2.3,
weak,weak/YTDown_YouTube_American-Sign-Language-ASL-Lesson-Weak_Media_I-h3YrHTAWw_001_1080p (online-video-cutter.com) (1).mp4,YTDown_YouTube_American-Sign-Language-ASL-Lesson-Weak_Media_I-h3YrHTAWw_001_1080p (online-video-cutter.com) (1).mp4,64,30,2.13333,
weak,weak/YTDown_YouTube_American-Sign-Language-ASL-Lesson-Weak_Media_I-h3YrHTAWw_001_1080p (online-video-cutter.com) (2).mp4,YTDown_YouTube_American-Sign-Language-ASL-Lesson-Weak_Media_I-h3YrHTAWw_001_1080p (online-video-cutter.com) (2).mp4,75,30,2.5,
weak,weak/YTDown_YouTube_Weak-ASL_Media_gvQAzNcKyuE_001_720p (online-video-cutter.com).mp4,YTDown_YouTube_Weak-ASL_Media_gvQAzNcKyuE_001_720p (online-video-cutter.com).mp4,85,29.97,2.83617,
weak,weak/YTDown_YouTube_weak-in-ASL_Media_hwZws-gNBO0_001_1080p (online-video-cutter.com).mp4,YTDown_YouTube_weak-in-ASL_Media_hwZws-gNBO0_001_1080p (online-video-cutter.com).mp4,184,60,3.06667,
weak,weak/YTDown_YouTube_weak-weakness-feeble_Media_Sunh1tQ-mJM_001_1080p.mp4,YTDown_YouTube_weak-weakness-feeble_Media_Sunh1tQ-mJM_001_1080p.mp4,94,30,3.13333,
weak,weak/YTDown_YouTube_WEAK_Media_NBa4sMtwwZE_001_240p.mp4,YTDown_YouTube_WEAK_Media_NBa4sMtwwZE_001_240p.mp4,84,30,2.8,
weak,weak/YTDown_YouTube_weaken-fail-rarefy-dystrophy-become-weak_Media_lJSCd7jYMGY_001_1080p.mp4,YTDown_YouTube_weaken-fail-rarefy-dystrophy-become-weak_Media_lJSCd7jYMGY_001_1080p.mp4,50,29.97,1.66833,
weak,weak/YTDown_YouTube_WIMP-weak-version_Media_5Imr5_P1WuM_001_1080p.mp4,YTDown_YouTube_WIMP-weak-version_Media_5Imr5_P1WuM_001_1080p.mp4,84,29.97,2.8028,
worse,worse/1664130072.mp4,1664130072.mp4,45,29.97,1.5015,
worse,worse/1664130534.mp4,1664130534.mp4,50,29.97,1.66833,
worse,worse/25870.mp4,25870.mp4,48,29.97,1.6016,
worse,worse/AQOJrCl8yr5e097HcV1-3g3QZeI_cmutsbPEwo8CYKT3zXDTNgdbKSSI2EWYk0P75_lfv1A4RGWN48hfkhk2HoikBobTf7soJ_qUWLNqYg (online-video-cutter.com) (1).mp4,AQOJrCl8yr5e097HcV1-3g3QZeI_cmutsbPEwo8CYKT3zXDTNgdbKSSI2EWYk0P75_lfv1A4RGWN48hfkhk2HoikBobTf7soJ_qUWLNqYg (online-video-cutter.com) (1).mp4,78,30,2.6,
worse,worse/AQOJrCl8yr5e097HcV1-3g3QZeI_cmutsbPEwo8CYKT3zXDTNgdbKSSI2EWYk0P75_lfv1A4RGWN48hfkhk2HoikBobTf7soJ_qUWLNqYg (online-video-cutter.com).mp4,AQOJrCl8yr5e097HcV1-3g3QZeI_cmutsbPEwo8CYKT3zXDTNgdbKSSI2EWYk0P75_lfv1A4RGWN48hfkhk2HoikBobTf7soJ_qUWLNqYg (online-video-cutter.com).mp4,78,30,2.6,
worse,worse/iKO0mLEBMeI.mp4,iKO0mLEBMeI.mp4,39,29.97,1.3013,
worse,worse/P7oky-k_SeE.mp4,P7oky-k_SeE.mp4,61,29.97,2.03537,
worse,worse/worse.mp4,worse.mp4,86,29.97,2.86954,
worse,worse/YTDown_Shorts_How-To-Sign-BEST-vs-WORST-Antonyms-in-AS_Media_8nOQDTDSGhI_001_1080p (online-video-cutter.com) (1).mp4,YTDown_Shorts_How-To-Sign-BEST-vs-WORST-Antonyms-in-AS_Media_8nOQDTDSGhI_001_1080p (online-video-cutter.com) (1).mp4,36,30,1.2,
worse,worse/YTDown_Shorts_How-To-Sign-BEST-vs-WORST-Antonyms-in-AS_Media_8nOQDTDSGhI_001_1080p (online-video-cutter.com) (2).mp4,YTDown_Shorts_How-To-Sign-BEST-vs-WORST-Antonyms-in-AS_Media_8nOQDTDSGhI_001_1080p (online-video-cutter.com) (2).mp4,73,30,2.43333,
worse,worse/YTDown_Shorts_How-To-Sign-BEST-vs-WORST-Antonyms-in-AS_Media_8nOQDTDSGhI_001_1080p (online-video-cutter.com).mp4,YTDown_Shorts_How-To-Sign-BEST-vs-WORST-Antonyms-in-AS_Media_8nOQDTDSGhI_001_1080p (online-video-cutter.com).mp4,55,30,1.83333,
worse,worse/YTDown_Shorts_Worse-in-ASL-Not-a-Teacher-americansignl_Media_F04T2dxv8vA_001_720p (online-video-cutter.com) (1).mp4,YTDown_Shorts_Worse-in-ASL-Not-a-Teacher-americansignl_Media_F04T2dxv8vA_001_720p (online-video-cutter.com) (1).mp4,31,30,1.03333,
worse,worse/YTDown_Shorts_Worse-in-ASL-Not-a-Teacher-americansignl_Media_F04T2dxv8vA_001_720p (online-video-cutter.com).mp4,YTDown_Shorts_Worse-in-ASL-Not-a-Teacher-americansignl_Media_F04T2dxv8vA_001_720p (online-video-cutter.com).mp4,25,30,0.833333,
worse,worse/YTDown_Shorts_Worse-sign-language_Media_Df6dgjY_nTE_001_360p (online-video-cutter.com) (1).mp4,YTDown_Shorts_Worse-sign-language_Media_Df6dgjY_nTE_001_360p (online-video-cutter.com) (1).mp4,59,29.172,2.02249,
worse,worse/YTDown_Shorts_Worse-sign-language_Media_Df6dgjY_nTE_001_360p (online-video-cutter.com) (2).mp4,YTDown_Shorts_Worse-sign-language_Media_Df6dgjY_nTE_001_360p (online-video-cutter.com) (2).mp4,48,29.172,1.64541,
worse,worse/YTDown_Shorts_Worse-sign-language_Media_Df6dgjY_nTE_001_360p (online-video-cutter.com) (3).mp4,YTDown_Shorts_Worse-sign-language_Media_Df6dgjY_nTE_001_360p (online-video-cutter.com) (3).mp4,48,29.172,1.64541,
worse,worse/YTDown_Shorts_Worse-sign-language_Media_Df6dgjY_nTE_001_360p (online-video-cutter.com) (4).mp4,YTDown_Shorts_Worse-sign-language_Media_Df6dgjY_nTE_001_360p (online-video-cutter.com) (4).mp4,48,29.172,1.64541,
worse,worse/YTDown_Shorts_Worse-sign-language_Media_Df6dgjY_nTE_001_360p (online-video-cutter.com).mp4,YTDown_Shorts_Worse-sign-language_Media_Df6dgjY_nTE_001_360p (online-video-cutter.com).mp4,61,29.172,2.09105,
worse,worse/YTDown_Shorts_Worst-multiply-asl-americansignlanguage-_Media_BvQsR2qNQAE_001_1080p (online-video-cutter.com).mp4,YTDown_Shorts_Worst-multiply-asl-americansignlanguage-_Media_BvQsR2qNQAE_001_1080p (online-video-cutter.com).mp4,18,30,0.6,
worse,worse/YTDown_YouTube_Comparisons-Bottom-Bad-Worse-Worst-in-AS_Media_1zgG4WjjG5g_001_720p (online-video-cutter.com) (1).mp4,YTDown_YouTube_Comparisons-Bottom-Bad-Worse-Worst-in-AS_Media_1zgG4WjjG5g_001_720p (online-video-cutter.com) (1).mp4,45,30,1.5,
worse,worse/YTDown_YouTube_Comparisons-Bottom-Bad-Worse-Worst-in-AS_Media_1zgG4WjjG5g_001_720p (online-video-cutter.com).mp4,YTDown_YouTube_Comparisons-Bottom-Bad-Worse-Worst-in-AS_Media_1zgG4WjjG5g_001_720p (online-video-cutter.com).mp4,45,30,1.5,
worse,worse/YTDown_YouTube_worse-in-ASL_Media_iGqA_Lpi5n0_001_1080p (online-video-cutter.com).mp4,YTDown_YouTube_worse-in-ASL_Media_iGqA_Lpi5n0_001_1080p (online-video-cutter.com).mp4,132,60,2.2,
worse,worse/YTDown_YouTube_WORSE-marked-version-worst_Media_fYPnhuf60B8_001_1080p.mp4,YTDown_YouTube_WORSE-marked-version-worst_Media_fYPnhuf60B8_001_1080p.mp4,75,29.97,2.5025,
worse,worse/YTDown_YouTube_worst-ASL_Media_P7oky-k_SeE_001_480p.mp4,YTDown_YouTube_worst-ASL_Media_P7oky-k_SeE_001_480p.mp4,61,29.97,2.03537,
worse,worse/YTDown_YouTube_worst-in-ASL_Media_ofl6sFVYL5Y_001_1080p (online-video-cutter.com).mp4,YTDown_YouTube_worst-in-ASL_Media_ofl6sFVYL5Y_001_1080p (online-video-cutter.com).mp4,167,60,2.78333,
worse,worse/YTDown_YouTube_Worst-Worse-ASL-Sign-Language-Deaf_Media_G2AJG69cf5w_001_1080p (online-video-cutter.com) (1).mp4,YTDown_YouTube_Worst-Worse-ASL-Sign-Language-Deaf_Media_G2AJG69cf5w_001_1080p (online-video-cutter.com) (1).mp4,39,30,1.3,
worse,worse/YTDown_YouTube_Worst-Worse-ASL-Sign-Language-Deaf_Media_G2AJG69cf5w_001_1080p (online-video-cutter.com) (2).mp4,YTDown_YouTube_Worst-Worse-ASL-Sign-Language-Deaf_Media_G2AJG69cf5w_001_1080p (online-video-cutter.com) (2).mp4,39,30,1.3,
worse,worse/YTDown_YouTube_Worst-Worse-ASL-Sign-Language-Deaf_Media_G2AJG69cf5w_001_1080p (online-video-cutter.com) (3).mp4,YTDown_YouTube_Worst-Worse-ASL-Sign-Language-Deaf_Media_G2AJG69cf5w_001_1080p (online-video-cutter.com) (3).mp4,39,30,1.3,
worse,worse/YTDown_YouTube_Worst-Worse-ASL-Sign-Language-Deaf_Media_G2AJG69cf5w_001_1080p (online-video-cutter.com) (4).mp4,YTDown_YouTube_Worst-Worse-ASL-Sign-Language-Deaf_Media_G2AJG69cf5w_001_1080p (online-video-cutter.com) (4).mp4,39,30,1.3,
worse,worse/YTDown_YouTube_Worst-Worse-ASL-Sign-Language-Deaf_Media_G2AJG69cf5w_001_1080p (online-video-cutter.com) (5).mp4,YTDown_YouTube_Worst-Worse-ASL-Sign-Language-Deaf_Media_G2AJG69cf5w_001_1080p (online-video-cutter.com) (5).mp4,26,30,0.866667,
worse,worse/YTDown_YouTube_Worst-Worse-ASL-Sign-Language-Deaf_Media_G2AJG69cf5w_001_1080p (online-video-cutter.com) (6).mp4,YTDown_YouTube_Worst-Worse-ASL-Sign-Language-Deaf_Media_G2AJG69cf5w_001_1080p (online-video-cutter.com) (6).mp4,47,30,1.56667,
worse,worse/YTDown_YouTube_Worst-Worse-ASL-Sign-Language-Deaf_Media_G2AJG69cf5w_001_1080p (online-video-cutter.com) (7).mp4,YTDown_YouTube_Worst-Worse-ASL-Sign-Language-Deaf_Media_G2AJG69cf5w_001_1080p (online-video-cutter.com) (7).mp4,47,30,1.56667,
worse,worse/YTDown_YouTube_Worst-Worse-ASL-Sign-Language-Deaf_Media_G2AJG69cf5w_001_1080p (online-video-cutter.com) (8).mp4,YTDown_YouTube_Worst-Worse-ASL-Sign-Language-Deaf_Media_G2AJG69cf5w_001_1080p (online-video-cutter.com) (8).mp4,47,30,1.56667,
worse,worse/YTDown_YouTube_Worst-Worse-ASL-Sign-Language-Deaf_Media_G2AJG69cf5w_001_1080p (online-video-cutter.com) (9).mp4,YTDown_YouTube_Worst-Worse-ASL-Sign-Language-Deaf_Media_G2AJG69cf5w_001_1080p (online-video-cutter.com) (9).mp4,47,30,1.56667,
worse,worse/YTDown_YouTube_Worst-Worse-ASL-Sign-Language-Deaf_Media_G2AJG69cf5w_001_1080p (online-video-cutter.com).mp4,YTDown_YouTube_Worst-Worse-ASL-Sign-Language-Deaf_Media_G2AJG69cf5w_001_1080p (online-video-cutter.com).mp4,39,30,1.3,
yes,yes/ASL Yes/IMG_8859(1).MOV,IMG_8859(1).MOV,79,30.3652,2.60167,
yes,yes/ASL Yes/IMG_8859(10).MOV,IMG_8859(10).MOV,66,30.229,2.18333,
yes,yes/ASL Yes/IMG_8859(11).MOV,IMG_8859(11).MOV,72,30.4011,2.36833,
yes,yes/ASL Yes/IMG_8859(12).MOV,IMG_8859(12).MOV,75,30.0802,2.49333,
yes,yes/ASL Yes/IMG_8859(13).MOV,IMG_8859(13).MOV,71,30.106,2.35833,
yes,yes/ASL Yes/IMG_8859(14).MOV,IMG_8859(14).MOV,66,30.6739,2.15167,
yes,yes/ASL Yes/IMG_8859(15).MOV,IMG_8859(15).MOV,61,30.1483,2.02333,
yes,yes/ASL Yes/IMG_8859(16).MOV,IMG_8859(16).MOV,74,30.4736,2.42833,
yes,yes/ASL Yes/IMG_8859(17).MOV,IMG_8859(17).MOV,58,30,1.93333,
yes,yes/ASL Yes/IMG_8859(18).MOV,IMG_8859(18).MOV,77,30.2356,2.54667,
yes,yes/ASL Yes/IMG_8859(19).MOV,IMG_8859(19).MOV,68,30.1999,2.25167,
yes,yes/ASL Yes/IMG_8859(2).MOV,IMG_8859(2).MOV,69,30.131,2.29,
yes,yes/ASL Yes/IMG_8859(20).MOV,IMG_8859(20).MOV,70,30.6569,2.28333,
yes,yes/ASL Yes/IMG_8859(21).MOV,IMG_8859(21).MOV,66,30.2059,2.185,
yes,yes/ASL Yes/IMG_8859(22).MOV,IMG_8859(22).MOV,65,30.1158,2.15833,
yes,yes/ASL Yes/IMG_8859(23).MOV,IMG_8859(23).MOV,62,30.3673,2.04167,
yes,yes/ASL Yes/IMG_8859(24).MOV,IMG_8859(24).MOV,77,30.0977,2.55833,
yes,yes/ASL Yes/IMG_8859(25).MOV,IMG_8859(25).MOV,74,30.7054,2.41,
yes,yes/ASL Yes/IMG_8859(26).MOV,IMG_8859(26).MOV,87,30.2609,2.875,
yes,yes/ASL Yes/IMG_8859(27).MOV,IMG_8859(27).MOV,72,30.53,2.35833,
yes,yes/ASL Yes/IMG_8859(28).MOV,IMG_8859(28).MOV,68,30.5618,2.225,
yes,yes/ASL Yes/IMG_8859(29).MOV,IMG_8859(29).MOV,63,30.3859,2.07333,
yes,yes/ASL Yes/IMG_8859(3).MOV,IMG_8859(3).MOV,66,30.3681,2.17333,
yes,yes/ASL Yes/IMG_8859(30).MOV,IMG_8859(30).MOV,71,30.106,2.35833,
yes,yes/ASL Yes/IMG_8859(4).MOV,IMG_8859(4).MOV,69,30.131,2.29,
yes,yes/ASL Yes/IMG_8859(5).MOV,IMG_8859(5).MOV,63,30.4348,2.07,
yes,yes/ASL Yes/IMG_8859(6).MOV,IMG_8859(6).MOV,71,30.17,2.35333,
yes,yes/ASL Yes/IMG_8859(7).MOV,IMG_8859(7).MOV,72,30.53,2.35833,
yes,yes/ASL Yes/IMG_8859(8).MOV,IMG_8859(8).MOV,73,30.0618,2.42833,
yes,yes/ASL Yes/IMG_8859(9).MOV,IMG_8859(9).MOV,77,30.3349,2.53833,
yes,yes/ASL Yes/IMG_8859.MOV,IMG_8859.MOV,63,30.3371,2.07667,
